name,orcid,field,h_index,total_publications,total_citations,avg_authors_per_paper,avg_author_position,avg_complexity,complexity_keyword_score,complexity_concept_score,complexity_n_works_analyzed,works_in_period,top_works,journals,from_year,to_year,KANON_C,KANON_A,KANON_M,KANON_R,KANON_J,KANON_Index,complexity_mesh_score,mesh_coverage
Aviv Regev,0000-0003-3293-3158,Medicine,209,965,227675,22.18,19.8,0.6998,0.6009,0.8482,68,200,200,33,2006,2026,0.15,0.0061,0.07,0.05,0.066,0.472,0.608,0.755
Kevin W. Eliceiri,0000-0001-8678-670X,Medicine,80,500,176796,8.25,6.46,0.637,0.5279,0.8007,155,200,200,118,2006,2026,0.15,0.406,0.0637,0.04,0.1,0.825,0.5874,0.625
Eugene W. Myers,0000-0002-6580-7839,Medicine,73,252,161735,15.67,11.92,0.5993,0.4552,0.8155,131,164,164,54,2006,2026,0.15,0.2424,0.0599,0.0365,0.1,0.6902,0.5723,0.3537
Nils Gehlenborg,0000-0003-0327-8297,Medicine,97,398,109088,39.58,21.48,0.5168,0.362,0.7491,143,200,200,46,2006,2026,0.15,0.0,0.0517,0.0485,0.092,0.472,0.4401,0.31
Roland Eils,0000-0002-0034-4036,Medicine,125,988,95552,26.69,19.33,0.7068,0.6334,0.8169,147,200,200,93,2006,2026,0.15,0.0201,0.0707,0.05,0.1,0.518,0.6604,0.795
Sarah A. Teichmann,0000-0002-6294-6366,Medicine,140,669,94932,19.79,17.3,0.7015,0.5982,0.8564,145,200,200,63,2006,2026,0.15,0.081,0.0702,0.05,0.1,0.5728,0.5954,0.755
Mark D. Robinson,0000-0002-3048-5518,Medicine,82,458,93123,10.21,7.27,0.6663,0.5512,0.839,172,200,200,88,2006,2026,0.15,0.3819,0.0666,0.041,0.1,0.8096,0.647,0.48
Pavel Tomančák,0000-0002-2222-9370,Medicine,55,186,91864,8.13,6.62,0.568,0.3955,0.8267,117,179,179,66,2006,2026,0.15,0.4014,0.0568,0.0275,0.1,0.8067,0.5103,0.3408
Curtis Rueden,0000-0001-7055-6707,Medicine,24,72,86451,7.29,3.03,0.5438,0.401,0.7578,60,65,65,25,2006,2026,0.15,0.5091,0.0544,0.012,0.05,0.8369,0.4968,0.3231
Fabian J. Theis,0000-0002-2419-1943,Medicine,126,1088,83594,17.75,14.6,0.7128,0.6242,0.8456,147,200,200,77,2006,2026,0.15,0.1621,0.0713,0.05,0.1,0.6441,0.6412,0.695
Stephan Saalfeld,0000-0002-4106-1761,Medicine,42,104,82872,19.79,16.52,0.5997,0.4579,0.8124,74,101,101,29,2006,2026,0.15,0.1043,0.06,0.021,0.058,0.5203,0.5754,0.3069
Ignacio Arganda‐Carreras,0000-0003-0229-5722,Medicine,31,171,81904,7.95,5.01,0.5537,0.4381,0.727,128,169,169,76,2006,2026,0.15,0.4498,0.0554,0.0155,0.1,0.8333,0.5227,0.1834
Jean-Yves Tinévez,0000-0002-0998-4718,Medicine,30,214,79610,7.1,4.56,0.4846,0.3077,0.75,176,200,200,60,2006,2026,0.15,0.4632,0.0485,0.015,0.1,0.8378,0.4485,0.145
Stephan Preibisch,0000-0002-0276-494X,Medicine,37,108,79541,14.85,6.38,0.6001,0.4405,0.8394,84,104,104,45,2006,2026,0.15,0.4085,0.06,0.0185,0.09,0.7999,0.5518,0.2885
Benjamin Schmid,0000-0002-9327-2296,Medicine,25,87,76208,11.35,5.29,0.593,0.4654,0.7842,64,83,83,57,2006,2026,0.15,0.4413,0.0593,0.0125,0.1,0.8276,0.5535,0.3494
Erwin Frise,0000-0002-9281-4567,Medicine,17,36,73901,23.25,8.5,0.7031,0.6139,0.8368,22,28,28,17,2006,2026,0.15,0.345,0.0703,0.0085,0.034,0.7057,0.6667,0.4286
Tobias Pietzsch,0000-0002-9477-3957,Medicine,16,70,71593,12.37,6.81,0.4766,0.2899,0.7568,59,68,68,22,2006,2026,0.15,0.3957,0.0477,0.008,0.044,0.736,0.3958,0.1176
Rahul Satija,0000-0002-1479-664X,Medicine,45,119,69707,16.78,10.39,0.6524,0.5161,0.8568,73,116,116,36,2006,2026,0.15,0.2884,0.0652,0.0225,0.072,0.6978,0.7334,0.3879
Garry P. Nolan,0000-0002-8862-9043,Medicine,120,765,69106,14.93,12.04,0.6956,0.6094,0.8248,134,200,200,79,2006,2026,0.15,0.2389,0.0696,0.05,0.1,0.7063,0.6671,0.725
Xiaowei Zhuang,0000-0002-6034-7853,Medicine,117,351,65768,11.1,9.97,0.6842,0.5712,0.8538,133,200,200,61,2006,2026,0.15,0.3007,0.0684,0.05,0.1,0.7549,0.642,0.565
Davis J. McCarthy,0000-0002-2218-6833,Medicine,36,167,65311,15.84,7.19,0.646,0.5137,0.8444,143,166,166,53,2006,2026,0.15,0.3844,0.0646,0.018,0.1,0.7922,0.6708,0.241
John C. Marioni,0000-0001-9092-0852,Medicine,103,393,56768,15.88,12.71,0.7412,0.6581,0.8659,165,200,200,54,2006,2026,0.15,0.2189,0.0741,0.05,0.1,0.6936,0.6652,0.63
Peter K. Sorger,0000-0002-3364-1838,Medicine,120,866,55124,13.26,11.21,0.625,0.4906,0.8265,131,200,200,85,2006,2026,0.15,0.2636,0.0625,0.05,0.1,0.7205,0.5096,0.67
Michael Hawrylycz,0000-0002-5741-8024,Medicine,66,215,52228,30.01,19.4,0.6228,0.4736,0.8465,119,188,188,60,2006,2026,0.15,0.018,0.0623,0.033,0.1,0.4923,0.5883,0.383
Dana Pe’er,0000-0002-9259-8817,Medicine,85,351,51834,17.93,15.11,0.6619,0.5474,0.8337,141,200,200,64,2006,2026,0.15,0.1467,0.0662,0.0425,0.1,0.6202,0.5901,0.43
Efthymia Papalexi,0000-0001-5898-694X,Medicine,18,38,51552,15.29,5.34,0.716,0.6296,0.8457,20,38,38,21,2006,2026,0.15,0.4397,0.0716,0.009,0.042,0.7886,0.9062,0.2632
Ed S. Lein,0000-0001-9012-6552,Medicine,79,285,51356,35.56,28.34,0.6507,0.5196,0.8474,157,200,200,57,2006,2026,0.15,0.0,0.0651,0.0395,0.1,0.4839,0.5745,0.47
Atsushi Miyawaki,0000-0002-0671-4376,Medicine,107,616,50593,9.09,7.37,0.6461,0.5167,0.8401,134,200,200,110,2006,2026,0.15,0.379,0.0646,0.05,0.1,0.8128,0.5907,0.685
Susan M. Sunkin,0000-0001-9893-3834,Medicine,57,129,45354,40.17,23.73,0.6477,0.5134,0.8491,56,103,103,33,2006,2026,0.15,0.0,0.0648,0.0285,0.066,0.4398,0.6133,0.4757
Jean Yang,0000-0002-5271-2603,Medicine,70,471,44002,10.39,7.85,0.6614,0.5717,0.796,175,200,200,115,2006,2026,0.15,0.3645,0.0661,0.035,0.1,0.7912,0.6487,0.57
Emma Lundberg,0000-0001-7034-0850,Medicine,55,272,42084,14.83,10.62,0.6353,0.5032,0.8335,155,200,200,66,2006,2026,0.15,0.2815,0.0635,0.0275,0.1,0.7177,0.5637,0.44
Lydia Ng,0000-0002-7499-3514,Medicine,52,170,40184,31.03,19.38,0.6262,0.4943,0.8241,106,154,154,41,2006,2026,0.15,0.0187,0.0626,0.026,0.082,0.4693,0.6376,0.3247
Yvan Saeys,0000-0002-0415-1506,Medicine,82,481,39016,13.59,10.31,0.638,0.5206,0.8142,146,200,200,85,2006,2026,0.15,0.2906,0.0638,0.041,0.1,0.736,0.6132,0.445
Michael W. Davidson,0000-0002-6420-952X,Medicine,76,335,38898,6.39,4.86,0.5963,0.4613,0.7989,143,200,200,84,2006,2026,0.15,0.4543,0.0596,0.038,0.1,0.8569,0.636,0.45
Scott E. Fraser,0000-0002-5377-0223,Medicine,101,615,38485,7.08,5.53,0.618,0.5051,0.7874,160,200,200,100,2006,2026,0.15,0.4342,0.0618,0.05,0.1,0.8524,0.6031,0.54
Anne E. Carpenter,0000-0003-1555-8261,Medicine,81,374,37761,13.3,11.14,0.6583,0.5455,0.8275,141,200,200,77,2006,2026,0.15,0.2658,0.0658,0.0405,0.1,0.7173,0.5679,0.565
Shalev Itzkovitz,0000-0003-0685-2522,Medicine,67,233,37350,9.99,6.98,0.6,0.4421,0.8368,139,200,200,62,2006,2026,0.15,0.3906,0.06,0.0335,0.1,0.8054,0.4918,0.305
Jeff W. Lichtman,0000-0002-0208-3212,Medicine,86,358,36465,9.18,7.95,0.6347,0.5167,0.8116,135,200,200,73,2006,2026,0.15,0.3616,0.0635,0.043,0.1,0.7931,0.6377,0.44
Evan Z. Macosko,0000-0002-2794-5165,Medicine,55,156,36092,19.74,15.37,0.6492,0.5248,0.8358,110,152,152,32,2006,2026,0.15,0.1389,0.0649,0.0275,0.064,0.5677,0.6622,0.3092
Maryann E. Martone,0000-0002-8406-3871,Medicine,72,422,36086,11.89,7.26,0.4948,0.3386,0.7291,161,200,200,81,2006,2026,0.15,0.3821,0.0495,0.036,0.1,0.7927,0.5117,0.235
Markus Sauer,0000-0002-1692-3219,Medicine,93,637,35593,9.1,7.3,0.6393,0.5011,0.8466,159,200,200,108,2006,2026,0.15,0.381,0.0639,0.0465,0.1,0.8111,0.5563,0.585
Ernst H. K. Stelzer,0000-0003-1545-0736,Medicine,84,447,35300,8.38,6.9,0.6186,0.48,0.8264,120,183,183,82,2006,2026,0.15,0.393,0.0619,0.042,0.1,0.8152,0.5762,0.4426
Wataru Fujibuchi,0000-0003-2243-9981,Medicine,28,127,35084,8.47,5.98,0.6032,0.4581,0.821,83,112,112,57,2006,2026,0.15,0.4205,0.0603,0.014,0.1,0.8137,0.6535,0.3393
Nir Yosef,0000-0001-9004-1225,Medicine,74,309,34677,14.28,9.29,0.6984,0.5875,0.8647,151,200,200,59,2006,2026,0.15,0.3214,0.0698,0.037,0.1,0.7621,0.6156,0.46
Paul A. Clemons,0000-0002-1800-5112,Medicine,58,222,33757,19.15,12.73,0.6317,0.5087,0.8161,164,200,200,61,2006,2026,0.15,0.218,0.0632,0.029,0.1,0.6665,0.6051,0.395
Gerard J. Kleywegt,0000-0002-4670-0331,Medicine,74,243,32940,13.32,9.32,0.6408,0.5203,0.8215,105,131,131,50,2006,2026,0.15,0.3204,0.0641,0.037,0.1,0.7567,0.6094,0.5038
Jan Ellenberg,0000-0001-5909-701X,Medicine,94,264,31757,10.46,7.75,0.6406,0.4948,0.8594,117,200,200,63,2006,2026,0.15,0.3673,0.0641,0.047,0.1,0.8011,0.6124,0.465
Allan R. Jones,0000-0001-6169-9749,Medicine,37,74,31171,21.83,19.04,0.6278,0.5047,0.8125,22,47,47,27,2006,2026,0.15,0.0287,0.0628,0.0185,0.054,0.4445,0.6713,0.4255
Zichen Wang,0000-0002-1415-1286,Medicine,45,174,30280,12.79,4.89,0.5712,0.4435,0.7627,129,170,170,103,2006,2026,0.15,0.4534,0.0571,0.0225,0.1,0.8426,0.5617,0.2647
Michael Boutros,0000-0002-9458-817X,Medicine,83,426,29901,9.92,8.05,0.6149,0.4514,0.8601,145,200,200,90,2006,2026,0.15,0.3584,0.0615,0.0415,0.1,0.7879,0.5018,0.51
Bosiljka Tasic,0000-0002-6861-4506,Medicine,60,213,29815,29.5,24.56,0.6307,0.4863,0.8473,138,187,187,32,2006,2026,0.15,0.0,0.0631,0.03,0.064,0.4376,0.6163,0.3155
Rex L. Chisholm,0000-0002-5638-3990,Medicine,63,211,29593,27.07,13.42,0.6097,0.469,0.8209,97,136,136,61,2006,2026,0.15,0.1974,0.061,0.0315,0.1,0.6496,0.6467,0.4485
Christian Eggeling,0000-0002-3698-5599,Medicine,83,483,28910,8.41,6.75,0.6669,0.5438,0.8516,153,200,200,103,2006,2026,0.15,0.3973,0.0667,0.0415,0.1,0.8218,0.6138,0.605
Bo Wang,0000-0002-9620-3413,Medicine,72,1074,28661,11.39,7.34,0.6282,0.5588,0.7324,141,200,200,135,2006,2026,0.15,0.3798,0.0628,0.036,0.1,0.8012,0.7079,0.465
Qing Nie,0000-0002-8804-3368,Medicine,66,449,27408,7.34,5.93,0.6363,0.5109,0.8244,156,200,200,101,2006,2026,0.15,0.4219,0.0636,0.033,0.1,0.8317,0.5687,0.49
Richard H. Scheuermann,0000-0003-1355-892X,Medicine,66,332,26207,19.0,14.66,0.6504,0.5412,0.8141,163,200,200,83,2006,2026,0.15,0.1602,0.065,0.033,0.1,0.6227,0.5732,0.45
Roberto Romero,0000-0002-4448-5121,Medicine,183,2291,149705,10.18,4.28,0.6634,0.615,0.7361,124,200,200,62,2006,2026,0.15,0.4716,0.0663,0.05,0.1,0.8836,0.6552,0.77
K. H. Nicolaides,0000-0003-1266-0711,Medicine,176,2314,135840,7.6,6.28,0.7718,0.8166,0.7046,161,200,200,37,2006,2026,0.15,0.4118,0.0772,0.05,0.074,0.8274,0.8422,0.935
Ross S. Berkowitz,0000-0002-7569-898X,Medicine,95,704,63211,9.32,7.57,0.6908,0.6697,0.7225,93,200,200,67,2006,2026,0.15,0.373,0.0691,0.0475,0.1,0.8097,0.7205,0.79
Ronald J. Wapner,0000-0003-0727-1244,Medicine,113,1086,54841,19.11,9.01,0.7529,0.7795,0.7129,131,200,200,64,2006,2026,0.15,0.3297,0.0753,0.05,0.1,0.7829,0.8036,0.91
Susan J. Fisher,0000-0001-7745-4850,Medicine,95,376,46392,11.16,8.86,0.5865,0.4658,0.7676,126,197,197,89,2006,2026,0.15,0.3343,0.0587,0.0475,0.1,0.7716,0.5979,0.3655
David Hill,0000-0003-1970-1432,Medicine,88,851,45689,10.36,5.71,0.6601,0.6514,0.673,120,200,200,91,2006,2026,0.15,0.4289,0.066,0.044,0.1,0.847,0.8017,0.52
Lisa Sullivan,0000-0003-0726-7149,Medicine,103,501,45500,10.16,4.83,0.699,0.7063,0.688,142,200,200,115,2006,2026,0.15,0.4549,0.0699,0.05,0.1,0.8739,0.807,0.68
Carlos Simón,0000-0003-0902-9531,Medicine,115,1028,44171,9.02,7.3,0.733,0.7013,0.7805,120,200,200,57,2006,2026,0.15,0.3809,0.0733,0.05,0.1,0.8208,0.7416,0.82
Yuk Ming Dennis Lo,0000-0001-8746-0293,Medicine,102,459,41986,9.14,8.47,0.6616,0.5863,0.7744,162,200,200,74,2006,2026,0.15,0.3458,0.0662,0.05,0.1,0.7883,0.6481,0.775
Jan Deprest,0000-0002-4920-945X,Medicine,96,1791,40860,10.07,7.26,0.7295,0.7496,0.6995,129,200,200,68,2006,2026,0.15,0.3822,0.073,0.048,0.1,0.82,0.773,0.92
Jie Qiao,0000-0003-2126-1376,Medicine,94,1049,40611,11.89,9.8,0.6801,0.6263,0.7608,132,200,200,106,2006,2026,0.15,0.3059,0.068,0.047,0.1,0.7562,0.6971,0.695
Nicholas Wald,0000-0003-1676-5908,Medicine,89,624,39714,5.7,4.13,0.6467,0.6253,0.6787,108,200,200,50,2006,2026,0.15,0.4761,0.0647,0.0445,0.1,0.8816,0.6706,0.61
E. Gratacós,0000-0002-7405-7224,Medicine,99,1475,36639,10.26,7.42,0.7555,0.7884,0.7062,143,200,200,47,2006,2026,0.15,0.3775,0.0755,0.0495,0.094,0.815,0.8034,0.935
Yuan Wei,0000-0003-3387-7549,Medicine,33,257,35951,11.03,7.01,0.6511,0.6036,0.7225,162,200,200,121,2006,2026,0.15,0.3896,0.0651,0.0165,0.1,0.7955,0.7101,0.64
Aris T. Papageorghiou,0000-0001-8143-2232,Medicine,88,1022,34401,15.6,9.23,0.7353,0.7654,0.6901,162,200,200,58,2006,2026,0.15,0.323,0.0735,0.044,0.1,0.7716,0.8077,0.865
Martin H. Steinberg,0000-0001-8800-8020,Medicine,84,621,34110,9.62,7.36,0.6321,0.568,0.7282,163,200,200,71,2006,2026,0.15,0.3792,0.0632,0.042,0.1,0.8057,0.6516,0.545
Sonja A. Rasmussen,0000-0002-0574-4928,Medicine,92,477,33671,9.62,5.83,0.5962,0.5182,0.7131,152,200,200,58,2006,2026,0.15,0.4251,0.0596,0.046,0.1,0.8409,0.5902,0.705
Helen Dolk,0000-0001-6639-5904,Medicine,71,336,33274,12.62,8.64,0.6263,0.5846,0.6889,145,200,200,77,2006,2026,0.15,0.3408,0.0626,0.0355,0.1,0.7704,0.7781,0.505
Eric Jauniaux,0000-0003-0925-7737,Medicine,87,598,33263,5.71,3.31,0.6381,0.5916,0.7078,124,200,200,60,2006,2026,0.15,0.5005,0.0638,0.0435,0.1,0.8982,0.6599,0.68
Asma Khalil,0000-0003-2802-7670,Medicine,83,1063,32995,11.81,6.5,0.7262,0.744,0.6995,159,200,200,53,2006,2026,0.15,0.4052,0.0726,0.0415,0.1,0.8323,0.749,0.89
Peter Kaufmann,0000-0003-0459-2464,Medicine,81,687,32654,8.19,3.88,0.4298,0.3205,0.5939,124,200,200,95,2006,2026,0.15,0.4836,0.043,0.0405,0.1,0.8681,0.5964,0.165
Allan Hackshaw,0000-0002-5570-5070,Medicine,85,514,32636,22.18,13.47,0.6657,0.638,0.7073,149,200,200,80,2006,2026,0.15,0.1958,0.0666,0.0425,0.1,0.6621,0.7554,0.655
Mark P. Johnson,0000-0002-5078-1410,Medicine,81,835,32114,7.98,5.31,0.6554,0.6344,0.6869,125,200,200,90,2006,2026,0.15,0.4407,0.0655,0.0405,0.1,0.8529,0.766,0.605
Žarko Alfirević,0000-0001-9276-518X,Medicine,84,571,30201,8.74,5.12,0.7165,0.734,0.6904,173,200,200,48,2006,2026,0.15,0.4465,0.0717,0.042,0.096,0.86,0.7971,0.835
Laurent Salomon,0000-0003-0627-4347,Medicine,87,1206,29821,15.98,9.44,0.7957,0.8568,0.7042,116,200,200,61,2006,2026,0.15,0.3168,0.0796,0.0435,0.1,0.7712,0.8659,0.94
David Chitayat,0000-0003-1944-7294,Medicine,87,649,29617,20.21,9.93,0.6815,0.6063,0.7943,130,200,200,76,2006,2026,0.15,0.3021,0.0682,0.0435,0.1,0.7506,0.6588,0.76
Judith G. Hall,0000-0001-5062-491X,Medicine,93,1165,29618,6.26,3.69,0.4817,0.3193,0.7253,161,200,200,56,2006,2026,0.15,0.4891,0.0482,0.0465,0.1,0.8805,0.4783,0.215
Joe Leigh Simpson,0000-0002-5309-6881,Medicine,84,760,28923,7.84,5.38,0.6246,0.5493,0.7376,79,200,200,75,2006,2026,0.15,0.4385,0.0625,0.042,0.1,0.8501,0.6475,0.44
David S. Johnson,0000-0002-9967-9812,Medicine,35,87,28923,11.4,7.48,0.6849,0.6028,0.808,36,50,50,23,2006,2026,0.15,0.3756,0.0685,0.0175,0.046,0.7457,0.7276,0.36
Mary E. D’Alton,0000-0002-1457-6284,Medicine,88,791,28569,11.09,8.35,0.6933,0.6922,0.6951,136,200,200,51,2006,2026,0.15,0.3496,0.0693,0.044,0.1,0.7891,0.7328,0.865
Kwok Leung,0000-0002-9289-6857,Medicine,81,385,28398,4.95,3.07,0.4666,0.3873,0.5855,154,200,200,89,2006,2026,0.15,0.5079,0.0467,0.0405,0.1,0.8888,0.7578,0.275
Maria Loane,0000-0002-1206-3637,Medicine,59,257,28231,15.38,6.42,0.6264,0.5775,0.6997,155,200,200,74,2006,2026,0.15,0.4076,0.0626,0.0295,0.1,0.8174,0.7586,0.54
Alan W. Flake,0000-0003-4913-7588,Medicine,87,640,28024,9.09,7.07,0.7362,0.7478,0.7189,102,200,200,77,2006,2026,0.15,0.388,0.0736,0.0435,0.1,0.8215,0.7636,0.87
Bruce S. McEwen,0000-0002-5288-7892,Medicine,221,1332,212434,5.46,4.58,0.5486,0.4219,0.7385,122,200,200,80,2006,2026,0.15,0.4626,0.0549,0.05,0.1,0.8684,0.4919,0.5
Fred H. Gage,0000-0002-0938-4106,Medicine,219,1071,197945,11.5,9.77,0.6136,0.4723,0.8257,107,200,200,63,2006,2026,0.15,0.307,0.0614,0.05,0.1,0.7543,0.5122,0.58
Trevor W. Robbins,0000-0003-0642-5977,Medicine,242,4124,195684,9.84,7.3,0.5811,0.5014,0.7005,125,200,200,63,2006,2026,0.15,0.381,0.0581,0.05,0.1,0.8093,0.5546,0.72
Solomon H. Snyder,0000-0002-6818-7022,Medicine,222,1214,178969,7.28,6.68,0.5654,0.4017,0.8111,143,200,200,73,2006,2026,0.15,0.3996,0.0565,0.05,0.1,0.8223,0.5028,0.39
Mark P. Mattson,0000-0002-9816-4155,Medicine,218,1286,172835,8.64,7.3,0.5844,0.4539,0.78,101,200,200,92,2006,2026,0.15,0.381,0.0584,0.05,0.1,0.8095,0.4805,0.58
Paul Greengard,0000-0002-4437-0893,Medicine,206,1129,138507,9.13,7.92,0.5816,0.4281,0.812,133,200,200,54,2006,2026,0.15,0.3623,0.0582,0.05,0.1,0.7949,0.5008,0.555
Christof Koch,0000-0001-6482-8067,Medicine,159,1041,134401,15.83,13.56,0.6034,0.4922,0.7703,126,200,200,60,2006,2026,0.15,0.1932,0.0603,0.05,0.1,0.661,0.5535,0.615
Nora D. Volkow,0000-0001-6668-0908,Medicine,171,1274,134017,6.67,3.92,0.5846,0.4795,0.7423,130,200,200,81,2006,2026,0.15,0.4825,0.0585,0.05,0.1,0.8859,0.5485,0.71
Eric J. Nestler,0000-0002-7905-2000,Medicine,187,1650,132381,11.15,10.23,0.5977,0.4669,0.7938,89,200,200,59,2006,2026,0.15,0.293,0.0598,0.05,0.1,0.7418,0.5327,0.575
Karl Deisseroth,0000-0001-9440-3967,Medicine,184,634,132303,10.28,8.84,0.6519,0.5552,0.7969,85,200,200,32,2006,2026,0.15,0.3348,0.0652,0.05,0.064,0.7508,0.5733,0.815
György Buzsáki,0000-0002-3100-4800,Medicine,168,621,130820,6.12,5.12,0.6017,0.4734,0.7942,121,200,200,54,2006,2026,0.15,0.4464,0.0602,0.05,0.1,0.8603,0.521,0.655
Daniel R. Weinberger,0000-0003-2409-2969,Medicine,173,1185,130665,15.2,12.1,0.6821,0.6114,0.7881,95,200,200,59,2006,2026,0.15,0.237,0.0682,0.05,0.1,0.7036,0.6328,0.845
Michael E. Greenberg,0000-0003-1380-2160,Medicine,142,331,113679,9.98,8.68,0.6193,0.4643,0.8517,88,180,180,57,2006,2026,0.15,0.3395,0.0619,0.05,0.1,0.7802,0.5671,0.3833
George F. Koob,0009-0002-9857-4493,Medicine,169,1015,113469,6.79,5.34,0.5434,0.3959,0.7647,93,200,200,80,2006,2026,0.15,0.4398,0.0543,0.05,0.1,0.851,0.4316,0.66
Terrence J. Sejnowski,0000-0002-0622-7391,Medicine,153,992,113319,6.71,5.5,0.6179,0.5114,0.7777,160,200,200,78,2006,2026,0.15,0.435,0.0618,0.05,0.1,0.853,0.5752,0.64
Barry J. Everitt,0000-0003-4431-6536,Medicine,163,1017,108938,5.66,4.02,0.4957,0.3367,0.7342,127,200,200,64,2006,2026,0.15,0.4794,0.0496,0.05,0.1,0.877,0.3951,0.45
Tomas Hökfelt,0000-0002-3587-0116,Medicine,163,1243,104506,9.25,7.7,0.5997,0.4834,0.7742,127,200,200,88,2006,2026,0.15,0.369,0.06,0.05,0.1,0.8015,0.5272,0.625
Kjell Fuxé,0000-0001-8491-4288,Medicine,141,1729,103336,7.46,5.67,0.5809,0.4327,0.8032,84,200,200,96,2006,2026,0.15,0.43,0.0581,0.05,0.1,0.8465,0.4887,0.535
Eric R. Kandel,0000-0001-7851-6902,Medicine,176,630,101236,6.14,5.39,0.5563,0.4085,0.7779,133,200,200,68,2006,2026,0.15,0.4383,0.0556,0.05,0.1,0.8508,0.5044,0.41
Ben A. Barres,0000-0003-2905-4136,Medicine,124,243,100577,11.38,7.46,0.5945,0.4613,0.7941,86,190,190,66,2006,2026,0.15,0.3761,0.0594,0.05,0.1,0.8065,0.5276,0.4474
Shizuo Akira,0000-0001-7602-9617,Medicine,271,1480,337459,11.03,8.24,0.5763,0.3966,0.8457,102,200,200,67,2006,2026,0.15,0.3526,0.0576,0.05,0.1,0.787,0.4699,0.4
Richard A. Flavell,0000-0003-4461-0778,Medicine,247,1513,233076,11.66,9.61,0.63,0.4883,0.8426,90,200,200,57,2006,2026,0.15,0.3117,0.063,0.05,0.1,0.7592,0.5291,0.57
Alberto Mantovani,0000-0001-5578-236X,Medicine,203,2150,220412,10.16,7.79,0.6111,0.4655,0.8296,116,200,200,99,2006,2026,0.15,0.3663,0.0611,0.05,0.1,0.8003,0.507,0.44
Irving L. Weissman,0000-0002-9077-7467,Medicine,215,1310,192603,12.58,11.38,0.6325,0.5084,0.8186,120,200,200,66,2006,2026,0.15,0.2584,0.0632,0.05,0.1,0.717,0.5417,0.75
Drew M. Pardoll,0000-0001-6215-1013,Medicine,165,889,167031,16.98,14.62,0.6291,0.5265,0.783,148,200,200,70,2006,2026,0.15,0.1614,0.0629,0.05,0.1,0.6364,0.5626,0.685
Laurence Zitvogel,0000-0003-1596-0998,Medicine,166,1168,153344,17.32,15.45,0.6014,0.4482,0.8312,121,200,200,60,2006,2026,0.15,0.1366,0.0601,0.05,0.1,0.6128,0.4939,0.57
Charles A. Dinarello,0000-0002-5073-8316,Medicine,196,1174,145785,9.88,8.29,0.6119,0.4762,0.8154,141,200,200,94,2006,2026,0.15,0.3514,0.0612,0.05,0.1,0.7889,0.5732,0.51
Josef Penninger,0000-0002-8194-3777,Medicine,176,1642,145001,16.52,14.21,0.6088,0.4846,0.795,109,200,200,90,2006,2026,0.15,0.1738,0.0609,0.05,0.1,0.6452,0.5398,0.6
Anthony S. Fauci,0000-0002-7865-7235,Medicine,186,1059,136932,9.54,8.01,0.5653,0.4406,0.7524,161,200,200,47,2006,2026,0.15,0.3599,0.0565,0.05,0.094,0.7871,0.5323,0.545
Tak W. Mak,0000-0001-6766-861X,Medicine,181,1559,129942,13.5,11.43,0.6099,0.4626,0.8308,141,200,200,72,2006,2026,0.15,0.2572,0.061,0.05,0.1,0.7142,0.5417,0.565
Dan R. Littman,0000-0002-2850-8688,Medicine,169,501,129850,11.04,9.68,0.6051,0.4414,0.8508,108,200,200,64,2006,2026,0.15,0.3096,0.0605,0.05,0.1,0.7556,0.4811,0.37
Ruslan Medzhitov,0000-0002-7021-2012,Medicine,128,346,129805,6.87,6.17,0.5354,0.3506,0.8126,97,200,200,59,2006,2026,0.15,0.4148,0.0535,0.05,0.1,0.8315,0.4306,0.325
Alessandro Sette,0000-0001-7013-2250,Medicine,174,1441,122653,17.69,14.37,0.6178,0.4975,0.7982,159,200,200,61,2006,2026,0.15,0.1689,0.0618,0.05,0.1,0.6418,0.5704,0.635
Jean‐Laurent Casanova,0000-0002-7782-4169,Medicine,172,1387,119662,24.75,20.75,0.5962,0.4442,0.8242,135,200,200,56,2006,2026,0.15,0.0,0.0596,0.05,0.1,0.4888,0.4931,0.6
Mark J. Smyth,0000-0001-7098-7240,Medicine,172,1385,119500,13.32,11.02,0.6338,0.5009,0.8333,121,200,200,57,2006,2026,0.15,0.2694,0.0634,0.05,0.1,0.7259,0.5099,0.75
Kiyoshi Takeda,0000-0002-1778-6332,Medicine,135,666,118992,12.45,10.69,0.5726,0.4084,0.8188,144,200,200,105,2006,2026,0.15,0.2794,0.0573,0.05,0.1,0.7291,0.4551,0.455
M. Shoji,0000-0003-0655-7347,Physics,38,100008,806330,17.64,9.37,0.477,0.2539,0.8116,134,200,200,30,2006,2026,0.2,0.2127,0.0954,0.019,0.09,0.8244,0.0,0.0
Е. А. Хазанов,0000-0001-5641-8025,Physics,107,709,95777,9.26,6.86,0.5015,0.3054,0.7956,177,200,200,44,2006,2026,0.2,0.2628,0.1003,0.05,0.132,0.889,1.0,0.015
F. Paoletti,0000-0001-8898-1963,Physics,99,624,90419,45.91,39.86,0.4611,0.2219,0.8198,71,133,133,32,2006,2026,0.2,0.0,0.0922,0.0495,0.096,0.7186,0.625,0.0075
D. Fiorucci,0000-0002-5111-0336,Physics,61,134,60133,20.28,13.36,0.4792,0.2793,0.7791,30,36,36,19,2006,2026,0.2,0.1328,0.0958,0.0305,0.057,0.7675,0.0,0.0
Edward Ott,0000-0002-9395-5062,Physics,109,784,54982,4.34,3.66,0.5193,0.3677,0.7467,169,200,200,45,2006,2026,0.2,0.3268,0.1039,0.05,0.135,0.9217,0.5485,0.14
Peter Politzer,0000-0002-8488-4282,Physics,108,895,53846,6.68,4.21,0.4745,0.2298,0.8414,133,200,200,48,2006,2026,0.2,0.3158,0.0949,0.05,0.144,0.9168,0.3802,0.09
R. Fischer,0009-0000-6205-4731,Physics,87,1049,39092,15.89,7.2,0.4789,0.254,0.8163,177,200,200,29,2006,2026,0.2,0.2561,0.0958,0.0435,0.087,0.8582,0.0,0.0
Robert J. Taylor,0000-0002-6106-7722,Physics,58,472,37086,7.48,4.94,0.5172,0.4322,0.6447,108,175,175,100,2006,2026,0.2,0.3011,0.1034,0.029,0.15,0.9071,0.5996,0.2857
Henry C. Kapteyn,0000-0001-8386-6317,Physics,103,1084,35201,10.82,8.98,0.5839,0.397,0.8644,177,200,200,45,2006,2026,0.2,0.2203,0.1168,0.05,0.135,0.8779,0.8561,0.08
Margaret M. Murnane,0000-0001-9689-5432,Physics,99,971,33587,10.96,9.07,0.5805,0.3925,0.8624,177,200,200,49,2006,2026,0.2,0.2185,0.1161,0.0495,0.147,0.8822,0.8081,0.08
S. W. Allen,0000-0003-0667-5941,Physics,95,824,32980,27.64,5.44,0.4839,0.2287,0.8668,181,200,200,46,2006,2026,0.2,0.2912,0.0968,0.0475,0.138,0.9024,0.5981,0.04
A. Pukhov,0000-0001-5043-960X,Physics,89,689,32453,15.38,11.79,0.5572,0.3669,0.8426,172,200,200,56,2006,2026,0.2,0.1643,0.1114,0.0445,0.15,0.8521,0.9004,0.02
J. F. Drake,0000-0002-9150-1841,Physics,91,807,32447,14.01,5.62,0.4634,0.1898,0.8738,171,200,200,38,2006,2026,0.2,0.2875,0.0927,0.0455,0.114,0.8864,0.0,0.0
O. L. Landen,0000-0002-1499-8217,Physics,88,1150,30060,32.55,17.7,0.5667,0.4008,0.8156,189,200,200,15,2006,2026,0.2,0.0459,0.1133,0.044,0.045,0.7254,0.4479,0.015
K. A. Marsh,0000-0003-0107-7803,Physics,64,554,29557,18.47,11.27,0.5459,0.3525,0.8361,181,200,200,45,2006,2026,0.2,0.1746,0.1092,0.032,0.135,0.8421,0.0,0.0
P. K. Shukla,0000-0001-8188-4976,Physics,76,1598,29395,3.15,2.67,0.4951,0.2484,0.8652,164,200,200,33,2006,2026,0.2,0.3467,0.099,0.038,0.099,0.9067,0.4114,0.01
Masayuki Yoshikawa,0000-0003-3106-3277,Physics,83,1157,28639,8.39,6.18,0.6053,0.4744,0.8017,128,200,200,50,2006,2026,0.2,0.2763,0.1211,0.0415,0.15,0.9095,0.5655,0.44
T. Kluge,0000-0003-4861-5584,Physics,91,579,28091,27.57,20.25,0.5302,0.3564,0.7909,148,200,200,67,2006,2026,0.2,0.0,0.106,0.0455,0.15,0.7588,0.785,0.025
E. P. Hartouni,0000-0001-9869-4351,Physics,87,428,27989,34.15,19.73,0.5191,0.3124,0.8292,139,200,200,35,2006,2026,0.2,0.0053,0.1038,0.0435,0.105,0.7315,0.0,0.0
S. H. Glenzer,0000-0001-9112-0558,Physics,82,1072,27227,27.68,14.14,0.6046,0.4667,0.8116,182,200,200,31,2006,2026,0.2,0.1172,0.1209,0.041,0.093,0.7998,0.5896,0.015
A. L’Huillier,0000-0002-1335-4022,Physics,76,458,26271,11.31,9.66,0.5472,0.3289,0.8745,178,200,200,63,2006,2026,0.2,0.2068,0.1094,0.038,0.15,0.8691,0.7587,0.015
T. C. Sangster,0000-0003-4040-2672,Physics,73,945,26212,24.9,15.85,0.5687,0.4016,0.8193,193,200,200,22,2006,2026,0.2,0.083,0.1137,0.0365,0.066,0.7574,0.7365,0.01
P. H. Diamond,0000-0003-3273-2604,Physics,78,1072,25792,11.87,5.08,0.4803,0.2217,0.8683,194,200,200,23,2006,2026,0.2,0.2983,0.0961,0.039,0.069,0.8682,0.2552,0.01
Makina Yabashi,0000-0002-2472-1684,Physics,75,1042,25302,18.55,14.41,0.6305,0.4885,0.8435,171,200,200,49,2006,2026,0.2,0.1118,0.1261,0.0375,0.147,0.8272,0.6894,0.155
J. Fauré,0000-0003-0538-5774,Physics,84,590,25016,10.11,6.02,0.5413,0.3586,0.8154,158,189,189,61,2006,2026,0.2,0.2796,0.1083,0.042,0.15,0.9053,0.6921,0.0265
A. J. Mackinnon,0000-0002-4380-2906,Physics,77,632,23853,32.41,17.99,0.5705,0.414,0.8052,186,200,200,35,2006,2026,0.2,0.0402,0.1141,0.0385,0.105,0.7565,1.0,0.005
D. D. Meyerhofer,0000-0002-0904-1250,Physics,79,916,23780,21.0,13.44,0.5564,0.3878,0.8092,194,200,200,24,2006,2026,0.2,0.1312,0.1113,0.0395,0.072,0.7896,0.6292,0.005
M. D. Perry,0000-0002-7535-5899,Physics,60,329,23054,10.05,5.15,0.6129,0.5114,0.765,45,61,61,35,2006,2026,0.2,0.297,0.1226,0.03,0.105,0.8935,0.7123,0.4426
E. R. Priest,0000-0003-3621-6690,Physics,70,652,22667,4.32,2.79,0.427,0.142,0.8544,107,145,145,46,2006,2026,0.2,0.3441,0.0854,0.035,0.138,0.9158,0.0,0.0
R. Neu,0000-0002-6062-1955,Physics,79,992,22572,16.8,10.38,0.4737,0.2519,0.8062,138,200,200,27,2006,2026,0.2,0.1925,0.0947,0.0395,0.081,0.8194,0.0,0.0
R. J. Wallace,0000-0002-5129-3021,Physics,79,537,22478,15.59,12.08,0.5507,0.4051,0.7692,105,155,155,61,2006,2026,0.2,0.1585,0.1101,0.0395,0.15,0.8459,0.5904,0.1097
Gennady Shvets,0000-0001-8542-6753,Physics,68,637,22297,6.63,5.67,0.5316,0.3558,0.7954,182,200,200,63,2006,2026,0.2,0.2865,0.1063,0.034,0.15,0.9039,0.7464,0.075
A. Loarte,0000-0001-9592-1117,Physics,70,607,22286,17.84,8.96,0.4779,0.2501,0.8195,150,200,200,18,2006,2026,0.2,0.2207,0.0956,0.035,0.054,0.8181,0.0,0.0
B. A. Remington,0000-0002-9369-7040,Physics,80,854,22208,21.28,13.88,0.5634,0.4032,0.8037,150,200,200,46,2006,2026,0.2,0.1225,0.1127,0.04,0.138,0.8223,0.6085,0.035
Christoph H. Keitel,0000-0002-1984-1470,Physics,72,668,21990,8.02,6.24,0.5661,0.3639,0.8694,182,200,200,44,2006,2026,0.2,0.2753,0.1132,0.036,0.132,0.8944,0.5325,0.02
K.H. Burrell,0000-0002-2639-1228,Physics,77,647,21977,11.88,4.95,0.4747,0.2366,0.8319,161,200,200,21,2006,2026,0.2,0.3011,0.0949,0.0385,0.063,0.8658,0.5898,0.01
S. Peter Gary,0000-0002-4655-2316,Physics,77,583,21919,6.54,3.26,0.4458,0.1758,0.8507,121,200,200,38,2006,2026,0.2,0.3348,0.0892,0.0385,0.114,0.9037,0.0,0.0
S. C. Wilks,0000-0002-7268-2683,Physics,58,505,21497,14.57,9.2,0.5271,0.3365,0.813,134,200,200,34,2006,2026,0.2,0.216,0.1054,0.029,0.102,0.843,0.4729,0.005
Wim Leemans,0000-0001-6573-8434,Physics,61,936,21397,12.15,9.95,0.5745,0.4265,0.7965,188,200,200,50,2006,2026,0.2,0.201,0.1149,0.0305,0.15,0.8653,0.6698,0.025
S. V. Bulanov,0000-0001-8305-0289,Physics,70,876,21372,12.69,9.0,0.5373,0.3409,0.8319,175,200,200,59,2006,2026,0.2,0.22,0.1075,0.035,0.15,0.8732,0.7577,0.025
K. Krushelnick,0000-0001-9116-9511,Physics,73,551,21284,13.64,10.62,0.5885,0.4304,0.8258,182,200,200,45,2006,2026,0.2,0.1876,0.1177,0.0365,0.135,0.8554,0.7196,0.03
Richard D. Gill,0000-0001-5821-9986,Physics,55,425,21087,2.23,1.61,0.4367,0.2908,0.6557,94,124,124,49,2006,2026,0.2,0.3677,0.0873,0.0275,0.147,0.928,0.6897,0.0565
C. F. Kennel,0000-0001-5997-7201,Physics,65,408,21080,7.31,3.33,0.3926,0.2141,0.6605,27,51,51,30,2006,2026,0.2,0.3333,0.0785,0.0325,0.09,0.8838,0.4583,0.0392
John L. Johnson,0000-0003-1783-0476,Physics,73,626,20986,12.43,6.38,0.6084,0.5393,0.7121,127,200,200,89,2006,2026,0.2,0.2723,0.1217,0.0365,0.15,0.9056,0.7061,0.425
A. Nelson,0000-0002-9612-1936,Physics,80,433,20941,22.36,13.66,0.4782,0.2669,0.7952,130,179,179,53,2006,2026,0.2,0.1268,0.0956,0.04,0.15,0.8219,0.0,0.0
Christian Dávid,0000-0002-2953-1265,Physics,69,480,20959,10.46,7.52,0.6488,0.5137,0.8514,162,200,200,68,2006,2026,0.2,0.2496,0.1298,0.0345,0.15,0.8979,0.7838,0.2
Y. Homma,0000-0002-9872-9697,Physics,63,311,20858,8.18,4.35,0.4879,0.2903,0.7842,54,78,78,30,2006,2026,0.2,0.3131,0.0976,0.0315,0.09,0.8828,0.7248,0.0769
T. E. Cowan,0000-0002-5845-000X,Physics,68,592,20730,18.61,9.47,0.589,0.4384,0.815,177,200,200,63,2006,2026,0.2,0.2105,0.1178,0.034,0.15,0.8731,0.6,0.02
A. Mysyrowicz,0000-0001-8129-1783,Physics,71,549,20717,7.79,6.54,0.4929,0.2546,0.8504,178,200,200,51,2006,2026,0.2,0.2693,0.0986,0.0355,0.15,0.8929,0.6654,0.025
Takehito Hayakawa,0000-0001-5286-8395,Physics,47,583,20671,13.44,6.46,0.6493,0.5706,0.7675,166,200,200,87,2006,2026,0.2,0.2709,0.1299,0.0235,0.15,0.9027,0.8563,0.42
W. B. Mori,0000-0002-6394-5082,Physics,74,792,20614,11.16,8.55,0.5817,0.422,0.8212,176,200,200,40,2006,2026,0.2,0.229,0.1163,0.037,0.12,0.8682,0.0,0.0
R. J. Groebner,0000-0002-5643-564X,Physics,73,707,20584,13.14,6.44,0.4754,0.2438,0.8228,166,200,200,18,2006,2026,0.2,0.2712,0.0951,0.0365,0.054,0.8452,0.0,0.0
M. Krůs,0000-0002-8595-3139,Physics,74,266,20401,15.89,10.67,0.593,0.4384,0.8248,109,133,133,43,2006,2026,0.2,0.1866,0.1186,0.037,0.129,0.8526,1.0,0.0075
S. C. Chapman,0000-0003-0053-1584,Physics,66,1021,20251,16.35,5.26,0.4515,0.1893,0.8448,188,200,200,48,2006,2026,0.2,0.2948,0.0903,0.033,0.144,0.897,0.6459,0.01
Norio Suzuki,0000-0001-6100-3350,Physics,64,784,20208,9.55,5.2,0.5606,0.439,0.743,132,200,200,106,2006,2026,0.2,0.2961,0.1121,0.032,0.15,0.9101,0.567,0.255
L. L. Lao,0000-0003-1937-2675,Physics,71,486,19772,13.18,8.09,0.5004,0.297,0.8056,120,187,187,21,2006,2026,0.2,0.2383,0.1001,0.0355,0.063,0.8349,0.0,0.0
K. Mima,0000-0003-0714-8238,Physics,66,1144,19764,12.06,9.05,0.5223,0.3302,0.8104,184,200,200,56,2006,2026,0.2,0.2189,0.1045,0.033,0.15,0.8702,1.0,0.01
V. Malka,0000-0002-0488-2587,Physics,68,481,19742,13.5,10.73,0.5958,0.4453,0.8216,168,200,200,64,2006,2026,0.2,0.1854,0.1192,0.034,0.15,0.8613,0.7164,0.045
M. Hesse,0000-0003-0377-9673,Physics,73,826,19109,10.54,5.18,0.4454,0.1606,0.8725,185,200,200,38,2006,2026,0.2,0.2963,0.0891,0.0365,0.114,0.8845,0.2917,0.005
J. C. Sprott,0000-0001-7014-3283,Physics,72,453,19079,2.92,2.33,0.4424,0.2356,0.7526,126,200,200,62,2006,2026,0.2,0.3533,0.0885,0.036,0.15,0.9272,0.7296,0.045
Michael G.H. Bell,0000-0001-8137-065X,Physics,70,579,19040,6.89,3.02,0.385,0.2273,0.6216,114,200,200,81,2006,2026,0.2,0.3396,0.077,0.035,0.15,0.9153,0.5872,0.02
Oliver Bunk,0000-0001-6563-4053,Physics,66,293,18946,8.73,5.76,0.6422,0.5166,0.8308,151,200,200,90,2006,2026,0.2,0.2847,0.1284,0.033,0.15,0.9128,0.767,0.225
K. Itoh,0000-0003-3873-4766,Physics,61,1300,18873,15.54,7.29,0.4706,0.2068,0.8664,191,200,200,36,2006,2026,0.2,0.2541,0.0941,0.0305,0.108,0.8604,0.0,0.0
Andrius Baltuška,0000-0002-5267-0626,Physics,61,762,18805,9.46,7.5,0.5388,0.3296,0.8526,183,200,200,69,2006,2026,0.2,0.25,0.1078,0.0305,0.15,0.8857,0.5395,0.045
S. W. Haan,0000-0001-8404-5131,Physics,76,418,18763,33.74,13.14,0.5362,0.3564,0.8059,171,200,200,28,2006,2026,0.2,0.1371,0.1072,0.038,0.084,0.7966,0.25,0.005
Peixiang Lu,0000-0001-6993-8986,Physics,66,953,18657,6.87,6.23,0.5383,0.3381,0.8385,173,200,200,54,2006,2026,0.2,0.2754,0.1077,0.033,0.15,0.8989,0.727,0.085
R. Betti,0000-0001-8742-0304,Physics,74,656,18613,23.73,8.48,0.5391,0.3593,0.8089,191,200,200,24,2006,2026,0.2,0.2303,0.1078,0.037,0.072,0.8402,0.5511,0.01
A.W. Leonard,0000-0001-9356-1074,Physics,65,625,18467,15.99,8.94,0.485,0.2552,0.8297,158,200,200,22,2006,2026,0.2,0.2213,0.097,0.0325,0.066,0.8242,0.0,0.0
E. J. Strait,0000-0001-9215-3757,Physics,74,574,18088,13.23,9.47,0.4634,0.2256,0.8201,135,200,200,17,2006,2026,0.2,0.2106,0.0927,0.037,0.051,0.8104,0.0,0.0
J. P. Knauer,0009-0009-9097-2885,Physics,69,712,18036,28.11,15.04,0.5717,0.4083,0.8168,175,200,200,32,2006,2026,0.2,0.0992,0.1143,0.0345,0.096,0.7839,0.6292,0.005
P. Sprangle,0000-0001-8521-4128,Physics,69,740,17783,4.86,3.11,0.4989,0.3021,0.7941,122,141,141,35,2006,2026,0.2,0.3379,0.0998,0.0345,0.105,0.9041,0.6684,0.0213
J. R. Wilson,0000-0003-3627-1278,Physics,69,811,17740,15.11,11.74,0.4683,0.2557,0.7873,158,200,200,44,2006,2026,0.2,0.1651,0.0937,0.0345,0.132,0.8288,0.1375,0.005
R. E. Bell,0000-0001-9544-498X,Physics,68,886,17455,17.79,5.23,0.4924,0.2572,0.8452,178,200,200,13,2006,2026,0.2,0.2954,0.0985,0.034,0.039,0.8504,0.7562,0.005
J. U. Brackbill,0000-0002-5029-2705,Physics,41,177,17446,3.57,2.19,0.4409,0.2033,0.7972,7,21,21,9,2006,2026,0.2,0.3562,0.0882,0.0205,0.027,0.863,0.0,0.0
C. B. Schroeder,0000-0002-9610-0166,Physics,52,800,17351,9.86,6.05,0.5861,0.4408,0.8042,188,200,200,41,2006,2026,0.2,0.279,0.1172,0.026,0.123,0.889,0.8164,0.02
P. M. Celliers,0000-0001-7600-1227,Physics,76,603,17283,30.14,10.1,0.5461,0.3775,0.7991,182,200,200,32,2006,2026,0.2,0.198,0.1092,0.038,0.096,0.8372,0.2083,0.005
G.A.P. Cirrone,0000-0001-5733-9281,Physics,40,475,17283,19.62,7.21,0.5754,0.4316,0.791,138,200,200,62,2006,2026,0.2,0.2559,0.1151,0.02,0.15,0.887,0.6307,0.25
M. Nisoli,0000-0003-2309-732X,Physics,57,513,17263,10.95,8.72,0.5478,0.3303,0.8742,163,200,200,78,2006,2026,0.2,0.2256,0.1096,0.0285,0.15,0.8738,0.0,0.0
Hitoshi Nishimura,0000-0001-5068-1738,Physics,68,709,17234,10.21,5.57,0.5211,0.3716,0.7453,141,200,200,89,2006,2026,0.2,0.2886,0.1042,0.034,0.15,0.9039,0.7375,0.165
D. Neely,0000-0001-7709-4074,Physics,69,546,17222,17.59,13.57,0.5566,0.3847,0.8146,181,200,200,52,2006,2026,0.2,0.1285,0.1113,0.0345,0.15,0.8283,0.7105,0.035
S. Brezinsek,0000-0002-7213-3326,Physics,61,1006,17145,24.75,8.09,0.5147,0.3097,0.8223,148,200,200,18,2006,2026,0.2,0.2383,0.1029,0.0305,0.054,0.829,0.0,0.0
Christian Spielmann,0000-0002-5223-4170,Physics,52,393,17037,9.32,8.1,0.5703,0.3861,0.8468,166,200,200,74,2006,2026,0.2,0.2381,0.1141,0.026,0.15,0.8808,0.901,0.015
B. Lipschultz,0000-0001-5968-3684,Physics,65,561,16925,18.18,9.64,0.4748,0.2457,0.8184,147,200,200,29,2006,2026,0.2,0.2072,0.095,0.0325,0.087,0.8268,0.0,0.0
Vladislav S. Yakovlev,0000-0002-0648-9375,Physics,45,167,16753,9.08,6.47,0.5222,0.2952,0.8625,105,128,128,48,2006,2026,0.2,0.2706,0.1044,0.0225,0.144,0.8873,0.6892,0.0234
B. LaBombard,0000-0002-7841-9261,Physics,68,691,16740,14.54,7.13,0.495,0.2719,0.8296,167,200,200,26,2006,2026,0.2,0.2574,0.099,0.034,0.078,0.8512,1.0,0.005
G. Krämer,0000-0001-5105-8139,Physics,63,675,16655,13.55,7.14,0.4911,0.2575,0.8415,164,200,200,27,2006,2026,0.2,0.2571,0.0982,0.0315,0.081,0.8509,0.0,0.0
Katsumi Midorikawa,0000-0002-0588-519X,Physics,65,1054,16636,6.18,5.53,0.5184,0.3165,0.8212,167,200,200,55,2006,2026,0.2,0.2894,0.1037,0.0325,0.15,0.9033,0.8045,0.105
P.C. Stangeby,0000-0002-3511-2286,Physics,57,496,16586,12.23,7.14,0.4755,0.2531,0.809,115,200,200,20,2006,2026,0.2,0.2571,0.0951,0.0285,0.06,0.8369,0.0,0.0
O. Sauter,0000-0002-0099-6675,Physics,60,875,16474,15.18,10.02,0.4961,0.2725,0.8315,170,200,200,27,2006,2026,0.2,0.1997,0.0992,0.03,0.081,0.8206,0.0,0.0
N. J. Fisch,0000-0002-0301-7380,Physics,63,1110,16400,3.98,3.38,0.4835,0.2599,0.8187,187,200,200,29,2006,2026,0.2,0.3323,0.0967,0.0315,0.087,0.8901,0.5104,0.01
R. Budny,0000-0001-5472-3771,Physics,66,645,16357,13.02,4.94,0.4533,0.2264,0.7937,94,141,141,21,2006,2026,0.2,0.3013,0.0907,0.033,0.063,0.861,0.0,0.0
M. Yokoyama,0000-0001-8856-1483,Physics,59,557,16291,17.51,8.29,0.4936,0.2708,0.8278,178,200,200,36,2006,2026,0.2,0.2342,0.0987,0.0295,0.108,0.8522,0.739,0.045
R. B. White,0000-0002-4239-2685,Physics,64,657,16267,9.19,7.01,0.503,0.2766,0.8425,139,200,200,23,2006,2026,0.2,0.2598,0.1006,0.032,0.069,0.8476,0.0,0.0
Thomas Brabec,0000-0002-0784-0614,Physics,53,243,16268,6.77,4.8,0.5424,0.3354,0.8528,109,137,137,49,2006,2026,0.2,0.3039,0.1085,0.0265,0.147,0.9081,0.4166,0.0219
W. Becker,0000-0001-8939-0372,Physics,67,418,16247,4.94,3.9,0.5531,0.348,0.8607,123,139,139,53,2006,2026,0.2,0.322,0.1106,0.0335,0.15,0.9219,0.5215,0.1079
A. Kallenbach,0000-0003-0538-2493,Physics,66,555,16231,18.34,7.81,0.4728,0.2413,0.82,140,200,200,26,2006,2026,0.2,0.2438,0.0946,0.033,0.078,0.8414,0.0,0.0
C. Stöeckl,0000-0001-5375-5800,Physics,64,804,16149,22.25,16.11,0.5741,0.4116,0.8178,190,200,200,21,2006,2026,0.2,0.0779,0.1148,0.032,0.063,0.7504,0.6292,0.005
P. Beiersdörfer,0000-0003-0127-599X,Physics,63,976,16103,9.52,4.98,0.5326,0.32,0.8515,190,200,200,28,2006,2026,0.2,0.3004,0.1065,0.0315,0.084,0.878,0.3333,0.005
K. Ida,0000-0002-0585-4561,Physics,59,437539,15989,22.59,9.1,0.4689,0.2152,0.8494,196,200,200,21,2006,2026,0.2,0.218,0.0938,0.0295,0.063,0.8175,0.0,0.0
G. G. Paulus,0000-0002-8343-8811,Physics,63,443,15956,10.79,8.79,0.5744,0.3815,0.8637,168,200,200,60,2006,2026,0.2,0.2242,0.1149,0.0315,0.15,0.8771,0.8292,0.025
M. A. Shay,0000-0003-1861-4767,Physics,61,371,15907,10.47,5.11,0.4582,0.1983,0.8481,122,200,200,38,2006,2026,0.2,0.2978,0.0916,0.0305,0.114,0.8836,0.0,0.0
V. T. Tikhonchuk,0000-0001-7532-5879,Physics,59,824,15737,10.41,7.88,0.5586,0.3914,0.8094,183,200,200,42,2006,2026,0.2,0.2424,0.1117,0.0295,0.126,0.8718,0.8568,0.03
A. Couairon,0000-0003-1883-0208,Physics,62,365,15722,7.37,5.32,0.5539,0.3533,0.8549,176,200,200,51,2006,2026,0.2,0.2936,0.1108,0.031,0.15,0.9079,0.8485,0.045
X. Garbet,0000-0001-5730-1259,Physics,64,733,15699,10.97,5.66,0.4917,0.2431,0.8645,185,200,200,21,2006,2026,0.2,0.2869,0.0983,0.032,0.063,0.8572,0.0,0.0
M. Goossens,0000-0002-7830-7147,Physics,66,587,15667,5.74,4.35,0.464,0.2118,0.8423,89,140,140,50,2006,2026,0.2,0.313,0.0928,0.033,0.15,0.9095,0.7677,0.0357
W. W. Heidbrink,0000-0002-6942-8043,Physics,64,686,15661,15.62,6.16,0.5148,0.2906,0.8512,199,200,200,9,2006,2026,0.2,0.2768,0.103,0.032,0.027,0.8359,0.0,0.0
P.B. Snyder,0000-0002-0613-4232,Physics,66,492,15525,15.43,10.57,0.4763,0.2375,0.8344,184,200,200,24,2006,2026,0.2,0.1886,0.0953,0.033,0.072,0.8091,0.0,0.0
D. von der Linde,0000-0001-5618-3879,Physics,57,367,15501,9.24,7.27,0.5251,0.3286,0.8199,45,63,63,34,2006,2026,0.2,0.2546,0.105,0.0285,0.102,0.8621,0.2656,0.0159
J. Birn,0000-0002-1496-4076,Physics,66,415,15459,6.75,3.01,0.4313,0.1478,0.8564,109,175,175,37,2006,2026,0.2,0.3399,0.0863,0.033,0.111,0.9008,0.0,0.0
H. Zohm,0000-0002-8870-7806,Physics,62,779,15404,15.97,12.42,0.4775,0.2467,0.8238,159,200,200,26,2006,2026,0.2,0.1516,0.0955,0.031,0.078,0.7908,0.0,0.0
Z. M. Sheng,0000-0002-8823-9993,Physics,66,815,15346,9.96,7.61,0.5629,0.3838,0.8314,198,200,200,43,2006,2026,0.2,0.2478,0.1126,0.033,0.129,0.878,0.5712,0.045
A. Herrmann,0000-0003-3872-2407,Physics,65,480,15332,14.7,6.79,0.4746,0.2438,0.8208,135,200,200,27,2006,2026,0.2,0.2642,0.0949,0.0325,0.081,0.8533,1.0,0.005
H. R. Wilson,0000-0003-3333-7470,Physics,59,287,15296,9.49,8.42,0.4463,0.1907,0.8296,100,136,136,31,2006,2026,0.2,0.2316,0.0893,0.0295,0.093,0.8383,0.0,0.0
Hadley Wickham,0000-0003-4757-117X,Physics,59,396,131364,2.98,1.78,0.3666,0.2108,0.6002,89,200,200,21,2006,2026,0.2,0.3644,0.0733,0.0295,0.063,0.8818,0.5922,0.02
Jake Vanderplas,0000-0002-9623-3401,Physics,27,79,91099,23.05,10.88,0.3912,0.2064,0.6684,68,77,77,23,2006,2026,0.2,0.1823,0.0782,0.0135,0.069,0.7833,0.0,0.0
Fabián Pedregosa,0000-0003-4025-3953,Physics,12,77,66235,17.43,8.18,0.4965,0.4096,0.6267,66,77,77,15,2006,2026,0.2,0.2364,0.0993,0.006,0.045,0.8079,1.0,0.013
William T. Vetterling,0009-0009-9476-3319,Physics,26,85,60502,2.85,2.46,0.4523,0.3033,0.6756,9,13,13,6,2005,2025,0.2,0.3508,0.0905,0.013,0.018,0.8531,0.0,0.0
Carole Goble,0000-0003-1219-2137,Physics,78,750,40308,15.79,8.55,0.4047,0.2599,0.6217,162,200,200,69,2006,2026,0.2,0.2289,0.0809,0.039,0.15,0.8665,0.4207,0.12
Susanna‐Assunta Sansone,0000-0001-5306-5690,Physics,61,362,38042,21.34,14.26,0.5031,0.363,0.7131,173,200,200,61,2006,2026,0.2,0.1148,0.1006,0.0305,0.15,0.813,0.4859,0.21
Rachel Woodbrook,0000-0002-4548-944X,Physics,8,31,33603,9.29,4.33,0.4038,0.3333,0.5095,18,21,21,11,2006,2026,0.2,0.3133,0.0808,0.004,0.033,0.8318,1.0,0.0476
Stéfan van der Walt,0000-0001-9276-1891,Physics,20,65,33389,12.47,6.97,0.4631,0.3219,0.6748,57,64,64,33,2006,2026,0.2,0.2606,0.0926,0.01,0.099,0.848,0.4869,0.0781
Zachary DeVito,0009-0002-8863-1503,Physics,15,33,29130,12.27,6.06,0.4131,0.2851,0.6051,32,33,33,6,2006,2026,0.2,0.2788,0.0826,0.0075,0.018,0.808,0.0,0.0
Paul Groth,0000-0003-0183-6910,Physics,51,449,27711,7.44,3.96,0.368,0.2196,0.5906,137,200,200,74,2006,2026,0.2,0.3207,0.0736,0.0255,0.15,0.9006,0.4809,0.03
Romain François,0000-0002-2444-4226,Physics,9,46,26338,3.91,2.41,0.4023,0.2667,0.6058,22,44,44,8,2006,2026,0.2,0.3518,0.0805,0.0045,0.024,0.8473,0.0,0.0
Rob Hooft,0000-0001-6825-9439,Physics,28,134,26051,13.77,6.49,0.4031,0.2516,0.6304,71,92,92,26,2006,2026,0.2,0.2702,0.0806,0.014,0.078,0.838,0.6667,0.0652
Rob Knight,0000-0002-0975-9019,Chemistry,257,1781,468351,14.47,11.17,0.571,0.433,0.778,141,200,200,63,2006,2026,0.2,0.2208,0.0856,0.05,0.1,0.845,0.4954,0.595
Richard Durbin,0000-0002-9130-1006,Chemistry,149,464,390856,28.82,18.62,0.6208,0.4799,0.8323,166,200,200,50,2006,2026,0.2,0.0345,0.0931,0.05,0.1,0.7441,0.5926,0.57
Peer Bork,0000-0002-2627-833X,Chemistry,234,944,382885,21.29,15.3,0.6079,0.4736,0.8094,146,200,200,52,2006,2026,0.2,0.1174,0.0912,0.05,0.1,0.7922,0.5117,0.63
Steven L. Salzberg,0000-0002-8859-7432,Chemistry,161,600,370099,15.09,11.07,0.6425,0.5193,0.8273,168,200,200,56,2006,2026,0.2,0.2233,0.0964,0.05,0.1,0.8518,0.5856,0.63
Jun Wang,0009-0008-8475-2934,Chemistry,222,3183,297655,36.23,29.52,0.6695,0.5806,0.8029,124,200,200,57,2006,2026,0.2,0.0,0.1004,0.05,0.1,0.7269,0.6585,0.69
Sudhir Kumar,0000-0002-9918-8212,Chemistry,78,584,291924,5.87,4.08,0.5852,0.4295,0.8187,164,200,200,87,2006,2026,0.2,0.3981,0.0878,0.039,0.1,0.9259,0.5012,0.49
Richard A. Gibbs,0000-0002-1356-5698,Chemistry,191,1334,284040,37.31,26.85,0.6724,0.5622,0.8377,130,200,200,67,2006,2026,0.2,0.0,0.1009,0.05,0.1,0.7271,0.6094,0.75
Koichiro Tamura,0000-0001-7189-5399,Chemistry,40,133,263110,5.13,3.48,0.5791,0.434,0.7967,78,95,95,33,2006,2026,0.2,0.4129,0.0869,0.02,0.066,0.9081,0.5469,0.3158
Heng Li,0000-0003-4874-2874,Chemistry,98,582,262070,17.69,8.29,0.6429,0.5307,0.8113,146,200,200,91,2006,2026,0.2,0.2926,0.0964,0.049,0.1,0.8856,0.6118,0.62
Mark Gerstein,0000-0002-9746-3719,Chemistry,191,1152,259745,26.84,18.04,0.7095,0.6032,0.8691,156,200,200,49,2006,2026,0.2,0.049,0.1064,0.05,0.098,0.7599,0.5999,0.795
Richard K. Wilson,0000-0002-1992-1358,Chemistry,190,680,247327,31.77,25.52,0.6549,0.5487,0.8141,123,200,200,60,2006,2026,0.2,0.0,0.0982,0.05,0.1,0.7254,0.5836,0.76
David Haussler,0000-0003-1533-4575,Chemistry,175,720,245305,25.31,19.75,0.5963,0.4348,0.8385,166,200,200,54,2006,2026,0.2,0.0062,0.0894,0.05,0.1,0.7238,0.4882,0.58
Huanming Yang,0000-0002-0858-3410,Chemistry,166,1081,222725,37.11,31.16,0.6469,0.5402,0.807,144,200,200,64,2006,2026,0.2,0.0,0.097,0.05,0.1,0.7247,0.6027,0.62
Eugene V. Koonin,0000-0003-3943-8299,Chemistry,221,1418,212239,8.09,6.04,0.534,0.3523,0.8067,145,200,200,73,2006,2026,0.2,0.3491,0.0801,0.05,0.1,0.905,0.408,0.42
Steven J.M. Jones,0000-0003-3394-2208,Chemistry,184,1214,207712,29.11,22.09,0.6689,0.5687,0.8191,144,200,200,85,2006,2026,0.2,0.0,0.1003,0.05,0.1,0.7268,0.6095,0.74
Paul Flicek,0000-0002-3897-7955,Chemistry,167,530,202378,41.16,26.2,0.624,0.4643,0.8635,162,200,200,46,2006,2026,0.2,0.0,0.0936,0.05,0.092,0.7172,0.5273,0.59
Stephen F. Altschul,0000-0003-2120-9631,Chemistry,45,96,201772,3.63,2.4,0.7304,0.6515,0.8488,27,30,30,14,2006,2026,0.2,0.44,0.1096,0.0225,0.028,0.9146,0.8051,0.5667
Evan E. Eichler,0000-0002-8246-4014,Chemistry,191,861,190381,31.38,24.87,0.6823,0.5754,0.8427,104,200,200,44,2006,2026,0.2,0.0,0.1023,0.05,0.088,0.7203,0.6291,0.76
Ruth E. Ley,0000-0002-9087-1672,Chemistry,94,328,184171,13.09,9.38,0.5575,0.4058,0.7851,146,200,200,78,2006,2026,0.2,0.2655,0.0836,0.047,0.1,0.8651,0.5013,0.345
Ewan Birney,0000-0001-8314-8497,Chemistry,143,500,182759,27.88,18.65,0.6157,0.4627,0.8452,150,200,200,59,2006,2026,0.2,0.0338,0.0924,0.05,0.1,0.7432,0.535,0.605
Curtis Huttenhower,0000-0002-1110-0096,Chemistry,143,655,175042,20.08,14.35,0.6528,0.5488,0.8087,130,200,200,68,2006,2026,0.2,0.1414,0.0979,0.05,0.1,0.8093,0.6163,0.62
Minoru Kanehisa,0000-0001-6123-540X,Chemistry,89,410,173091,5.86,4.65,0.5452,0.3492,0.8392,122,176,176,51,2006,2026,0.2,0.3837,0.0818,0.0445,0.1,0.9191,0.4663,0.3239
Julie Thompson,0000-0003-4893-3478,Chemistry,45,239,163981,7.47,5.67,0.5454,0.3896,0.7791,120,193,193,86,2006,2026,0.2,0.3583,0.0818,0.0225,0.1,0.8973,0.5546,0.285
Peter J. Turnbaugh,0000-0002-0888-2875,Chemistry,76,279,162767,12.37,10.48,0.5608,0.4063,0.7926,128,200,200,78,2006,2026,0.2,0.238,0.0841,0.038,0.1,0.8469,0.44,0.275
Gábor Marth,0000-0003-0222-1694,Chemistry,59,233,162654,17.51,12.76,0.6775,0.5716,0.8363,131,166,166,58,2006,2026,0.2,0.181,0.1016,0.0295,0.1,0.8218,0.6523,0.3373
Donna M. Muzny,0000-0002-3055-0359,Chemistry,156,691,162307,39.69,21.07,0.6763,0.5786,0.8229,143,200,200,72,2006,2026,0.2,0.0,0.1014,0.05,0.1,0.7275,0.6453,0.725
Willem M. de Vos,0000-0002-0273-3166,Chemistry,193,1319,160987,10.73,8.61,0.6033,0.4922,0.7698,157,200,200,93,2006,2026,0.2,0.2849,0.0905,0.05,0.1,0.8795,0.5507,0.64
Simon Anders,0000-0003-4868-1805,Chemistry,49,162,159365,12.73,8.1,0.6059,0.4732,0.8049,130,161,161,62,2006,2026,0.2,0.2975,0.0909,0.0245,0.1,0.8734,0.5898,0.2981
J. Gregory Caporaso,0000-0002-8865-1670,Chemistry,81,269,157422,16.49,10.44,0.5508,0.4161,0.7529,175,200,200,84,2006,2026,0.2,0.239,0.0826,0.0405,0.1,0.848,0.5148,0.35
Catherine Lozupone,0000-0003-4786-7202,Chemistry,74,202,154895,16.77,9.65,0.5528,0.3883,0.7996,159,191,191,82,2006,2026,0.2,0.2586,0.0829,0.037,0.1,0.8563,0.5263,0.2932
Eric Banks,0000-0001-9615-2372,Chemistry,56,122,154720,44.83,15.22,0.6457,0.5077,0.8526,73,98,98,39,2006,2026,0.2,0.1194,0.0969,0.028,0.078,0.7712,0.6404,0.4694
Andrew Rambaut,0000-0003-4337-3707,Chemistry,150,521,153598,26.45,19.91,0.6171,0.5309,0.7464,161,200,200,64,2006,2026,0.2,0.0022,0.0926,0.05,0.1,0.7232,0.6372,0.56
George M. Weinstock,0000-0002-2997-4592,Chemistry,134,621,151357,22.23,15.4,0.6595,0.5738,0.7881,157,200,200,91,2006,2026,0.2,0.115,0.0989,0.05,0.1,0.7952,0.6108,0.785
Charles Lee,0000-0001-7317-6662,Chemistry,101,541,150263,19.57,15.37,0.6557,0.5578,0.8026,138,200,200,104,2006,2026,0.2,0.1159,0.0984,0.05,0.1,0.7954,0.6425,0.665
Robert A. Holt,0000-0002-7259-1247,Chemistry,123,461,149132,24.14,17.57,0.6158,0.4901,0.8043,154,200,200,95,2006,2026,0.2,0.0606,0.0924,0.05,0.1,0.7597,0.5538,0.49
Desmond G. Higgins,0000-0002-3952-3285,Chemistry,66,321,147178,7.11,5.45,0.634,0.4994,0.8359,90,200,200,51,2006,2026,0.2,0.3639,0.0951,0.033,0.1,0.9109,0.5925,0.325
David J. Lipman,0009-0002-3443-2023,Chemistry,60,114,146891,9.14,5.83,0.5298,0.3652,0.7768,58,64,64,32,2006,2026,0.2,0.3543,0.0795,0.03,0.064,0.8806,0.5592,0.4531
Søren Brunak,0000-0003-0316-5866,Chemistry,132,817,146024,29.78,17.52,0.674,0.5937,0.7944,158,200,200,104,2006,2026,0.2,0.062,0.1011,0.05,0.1,0.7657,0.6577,0.67
Chad Nusbaum,0000-0002-2777-1708,Chemistry,88,180,145832,23.94,17.35,0.5871,0.4379,0.8108,107,155,155,47,2006,2026,0.2,0.0661,0.0881,0.044,0.094,0.7531,0.5543,0.4774
Alex Bateman,0000-0002-6982-4660,Chemistry,97,278,145310,16.57,6.72,0.5944,0.4339,0.8351,173,200,200,57,2006,2026,0.2,0.332,0.0892,0.0485,0.1,0.9006,0.4942,0.45
George M. Church,0000-0003-3535-2076,Chemistry,186,919,143660,13.13,10.45,0.666,0.5473,0.8439,108,200,200,64,2006,2026,0.2,0.2389,0.0999,0.05,0.1,0.8614,0.577,0.775
Toby J. Gibson,0000-0003-0657-5166,Chemistry,85,232,143599,11.86,8.07,0.5763,0.3859,0.862,103,132,132,62,2006,2026,0.2,0.2983,0.0864,0.0425,0.1,0.8804,0.5125,0.3712
Sean R. Eddy,0000-0001-6676-4706,Chemistry,89,198,142553,6.18,4.93,0.6416,0.5024,0.8505,91,109,109,28,2006,2026,0.2,0.3768,0.0962,0.0445,0.056,0.9024,0.6594,0.422
T Gingeras,0000-0001-9106-3573,Chemistry,98,1011,138412,13.51,10.37,0.6676,0.537,0.8634,87,200,200,56,2006,2026,0.2,0.2408,0.1001,0.049,0.1,0.862,0.6233,0.34
Michael I. Love,0000-0001-8401-0545,Chemistry,48,395,138025,11.91,7.96,0.6466,0.5123,0.8481,167,200,200,64,2006,2026,0.2,0.3011,0.097,0.024,0.1,0.8779,0.6874,0.365
Dan Knights,0000-0002-8205-2511,Chemistry,82,219,136533,19.34,10.57,0.5543,0.4139,0.765,147,200,200,83,2006,2026,0.2,0.2356,0.0832,0.041,0.1,0.8468,0.4957,0.365
Robert E. Handsaker,0000-0002-3128-3547,Chemistry,67,120,136316,39.68,13.16,0.6295,0.4837,0.8482,74,108,108,29,2006,2026,0.2,0.1711,0.0944,0.0335,0.058,0.7913,0.5975,0.4722
Gil McVean,0000-0002-5012-4162,Chemistry,105,311,133785,19.73,13.1,0.6414,0.5149,0.8313,151,200,200,58,2006,2026,0.2,0.1726,0.0962,0.05,0.1,0.8253,0.6623,0.525
Philip Hugenholtz,0000-0001-5386-7925,Chemistry,133,878,133499,15.63,11.28,0.5431,0.4051,0.75,159,200,200,64,2006,2026,0.2,0.2181,0.0815,0.05,0.1,0.8415,0.492,0.425
David A. Wheeler,0000-0002-9056-6299,Chemistry,148,604,132490,31.75,19.18,0.6261,0.5085,0.8025,146,200,200,86,2006,2026,0.2,0.0205,0.0939,0.05,0.1,0.7358,0.5843,0.565
Ben Langmead,0000-0003-2437-1976,Chemistry,43,222,131221,9.31,6.92,0.57,0.4053,0.817,171,200,200,39,2006,2026,0.2,0.3271,0.0855,0.0215,0.078,0.873,0.6015,0.275
Xun Xu,0000-0002-5338-5173,Chemistry,151,1087,130670,32.69,24.68,0.644,0.538,0.8029,134,200,200,75,2006,2026,0.2,0.0,0.0966,0.05,0.1,0.7244,0.5761,0.68
Christian von Mering,0000-0001-7734-9102,Chemistry,100,282,128288,12.3,9.44,0.5769,0.4131,0.8226,168,200,200,71,2006,2026,0.2,0.2641,0.0865,0.05,0.1,0.8674,0.5307,0.355
Roderic Guigó,0000-0002-5738-4477,Chemistry,126,701,127534,30.43,20.6,0.637,0.5013,0.8405,165,200,200,63,2006,2026,0.2,0.0,0.0955,0.05,0.1,0.7237,0.5771,0.575
Carlos D. Bustamante,0000-0002-4187-7920,Chemistry,139,504,125708,22.95,17.52,0.6378,0.5155,0.8212,156,200,200,57,2006,2026,0.2,0.0619,0.0957,0.05,0.1,0.7624,0.5771,0.665
Manolis Kellis,0000-0001-7113-9630,Chemistry,140,1142,125354,26.01,18.3,0.6361,0.4862,0.8608,143,200,200,57,2006,2026,0.2,0.0425,0.0954,0.05,0.1,0.7505,0.553,0.605
Jay Shendure,0000-0002-1516-1865,Chemistry,169,662,124345,17.57,14.04,0.6937,0.5877,0.8528,90,200,200,54,2006,2026,0.2,0.1491,0.1041,0.05,0.1,0.8169,0.6071,0.84
Yingrui Li,0000-0001-6630-1277,Chemistry,91,317,124306,27.31,17.12,0.6482,0.546,0.8014,137,200,200,101,2006,2026,0.2,0.0719,0.0972,0.0455,0.1,0.7666,0.6462,0.56
Lars Juhl Jensen,0000-0001-7885-715X,Chemistry,105,530,124168,10.38,6.8,0.6045,0.4513,0.8344,173,200,200,72,2006,2026,0.2,0.33,0.0907,0.05,0.1,0.9011,0.5079,0.5
J. Craig Venter,0000-0002-7086-765X,Chemistry,120,278,123605,14.3,12.19,0.584,0.4498,0.7852,117,152,152,54,2006,2026,0.2,0.1952,0.0876,0.05,0.1,0.8327,0.5769,0.4342
Sarah Hunt,0000-0002-8350-1235,Chemistry,99,249,119051,46.24,26.88,0.6226,0.4971,0.8109,129,173,173,77,2006,2026,0.2,0.0,0.0934,0.0495,0.1,0.722,0.6509,0.5087
Susan Holmes,0000-0002-2208-8168,Chemistry,81,391,118156,12.11,8.04,0.5735,0.4486,0.7608,169,200,200,101,2006,2026,0.2,0.2989,0.086,0.0405,0.1,0.8795,0.6019,0.375
Jan O. Korbel,0000-0002-2798-3794,Chemistry,117,444,117154,35.52,24.53,0.6612,0.5444,0.8364,145,200,200,63,2006,2026,0.2,0.0,0.0992,0.05,0.1,0.7261,0.6278,0.615
Nicola Segata,0000-0002-1583-5794,Chemistry,108,509,117029,22.23,16.99,0.5669,0.4275,0.7762,146,200,200,87,2006,2026,0.2,0.0753,0.085,0.05,0.1,0.7641,0.4579,0.47
John P. Huelsenbeck,0000-0002-3050-9997,Chemistry,75,143,115077,5.46,4.26,0.6401,0.559,0.7616,55,57,57,22,2006,2026,0.2,0.3934,0.096,0.0375,0.044,0.9012,0.7244,0.386
Tim Hubbard,0000-0002-1767-9318,Chemistry,94,304,113922,43.74,24.47,0.5991,0.4422,0.8344,161,188,188,76,2006,2026,0.2,0.0,0.0899,0.047,0.1,0.718,0.5151,0.5053
Jeroen Raes,0000-0002-1337-041X,Chemistry,128,460,112347,21.2,15.51,0.6005,0.4884,0.7687,141,200,200,86,2006,2026,0.2,0.1124,0.0901,0.05,0.1,0.7887,0.53,0.475
Chris P. Ponting,0000-0003-0202-7816,Chemistry,134,517,111085,15.29,11.37,0.629,0.4813,0.8506,162,200,200,84,2006,2026,0.2,0.2159,0.0944,0.05,0.1,0.847,0.5303,0.605
Bruce W. Birren,0000-0001-6971-945X,Chemistry,97,246,110633,33.01,19.88,0.5419,0.3772,0.7888,130,161,161,56,2006,2026,0.2,0.003,0.0813,0.0485,0.1,0.7153,0.5203,0.3602
Prescott L. Deininger,0000-0002-1067-3028,Chemistry,76,259,110527,4.85,4.17,0.5693,0.3962,0.829,61,82,82,37,2006,2026,0.2,0.3957,0.0854,0.038,0.074,0.9115,0.5818,0.3293
Daniel McDonald,0000-0003-0876-9060,Chemistry,74,315,109674,21.78,9.26,0.548,0.403,0.7654,149,200,200,81,2006,2026,0.2,0.2685,0.0822,0.037,0.1,0.8609,0.5258,0.325
Marc A. Suchard,0000-0001-9818-479X,Chemistry,105,687,109089,16.27,12.2,0.6254,0.5557,0.73,169,200,200,85,2006,2026,0.2,0.195,0.0938,0.05,0.1,0.8359,0.6402,0.625
Stephen T. Sherry,0000-0002-7982-076X,Chemistry,63,165,108865,30.35,18.63,0.5923,0.4134,0.8607,42,60,60,23,2006,2026,0.2,0.0342,0.0888,0.0315,0.046,0.6935,0.5188,0.4333
Roald Hoffmann,0000-0001-5369-6046,Chemistry,131,1018,66662,4.24,3.35,0.5174,0.3174,0.8174,182,200,200,51,2006,2026,0.2,0.4163,0.0776,0.05,0.1,0.9343,0.4458,0.05
Leo Radom,0000-0001-8249-1314,Chemistry,87,1408,42439,9.09,6.39,0.5589,0.3626,0.8533,182,200,200,46,2006,2026,0.2,0.3401,0.0838,0.0435,0.092,0.8958,0.4022,0.13
Herbert Mayr,0000-0003-0768-5199,Chemistry,80,1511,24669,3.98,3.58,0.4957,0.2315,0.892,197,200,200,26,2006,2026,0.2,0.4104,0.0744,0.04,0.052,0.9039,0.3954,0.065
Johann Gasteiger,0000-0003-2036-7144,Chemistry,60,409,23445,4.94,3.48,0.5595,0.4259,0.7598,68,102,102,36,2006,2026,0.2,0.413,0.0839,0.03,0.072,0.9141,0.5262,0.3725
Jack D. Dunitz,0000-0001-5411-2452,Chemistry,77,370,21792,6.07,2.32,0.5144,0.3,0.836,23,28,28,17,2006,2026,0.2,0.442,0.0772,0.0385,0.034,0.9108,0.25,0.0357
Pedro Alexandrino Fernandes,0000-0003-2748-4722,Chemistry,58,1225,15244,5.25,3.92,0.5826,0.4274,0.8154,166,200,200,85,2006,2026,0.2,0.4021,0.0874,0.029,0.1,0.923,0.422,0.53
Guy C. Lloyd‐Jones,0000-0003-2128-6864,Chemistry,66,1079,15099,7.09,4.66,0.5457,0.3304,0.8686,186,200,200,48,2006,2026,0.2,0.3836,0.0819,0.033,0.096,0.9121,0.3536,0.06
Douglas M. Templeton,0000-0003-0693-662X,Chemistry,51,6023,13901,3.29,2.15,0.3928,0.1678,0.7303,161,200,200,21,2006,2026,0.2,0.4462,0.0589,0.0255,0.042,0.902,0.4113,0.035
John W. Moore,0000-0001-7652-0668,Chemistry,55,769,13709,3.22,2.45,0.3558,0.1661,0.6403,101,130,130,31,2006,2026,0.2,0.4387,0.0534,0.0275,0.062,0.9061,0.6666,0.0154
J. D. Bernal,0000-0003-0104-8439,Chemistry,43,169,13276,7.0,2.68,0.4417,0.3407,0.5932,23,34,34,15,2006,2026,0.2,0.4331,0.0663,0.0215,0.03,0.8917,0.3967,0.4412
Michelle Francl,0000-0003-1940-1560,Chemistry,24,121,11912,1.25,1.19,0.4996,0.3737,0.6884,10,80,80,11,2005,2025,0.2,0.4703,0.0749,0.012,0.022,0.905,0.5917,0.0625
Silvia E. Braslavsky,0000-0002-2796-8586,Chemistry,54,1653,11505,7.87,2.15,0.4807,0.2812,0.78,146,200,200,15,2006,2026,0.2,0.4464,0.0721,0.027,0.03,0.9033,0.4477,0.065
Monica Nordberg,0000-0002-5315-1633,Chemistry,52,3548,10514,4.09,2.54,0.3906,0.185,0.6989,145,200,200,25,2006,2026,0.2,0.4364,0.0586,0.026,0.05,0.9012,0.6011,0.055
Paul G. Mezey,0000-0001-7245-5141,Chemistry,45,479,10201,3.12,1.88,0.4597,0.2391,0.7905,50,81,81,23,2006,2026,0.2,0.4531,0.069,0.0225,0.046,0.9103,0.25,0.0123
Philippe C. Hiberty,0000-0002-7081-4654,Chemistry,54,253,10172,3.5,2.85,0.504,0.2741,0.8489,80,110,110,29,2006,2026,0.2,0.4289,0.0756,0.027,0.058,0.9098,0.5271,0.0455
Linda Wang﻿,0000-0001-6308-2769,Chemistry,40,1717,9641,7.47,5.12,0.5892,0.5599,0.6333,148,200,200,85,2006,2026,0.1928,0.372,0.0884,0.02,0.1,0.9022,0.6235,0.59
István Hargittai,0000-0003-3638-7844,Chemistry,42,816,8462,1.7,1.41,0.4054,0.1958,0.7198,29,200,200,20,2006,2026,0.1692,0.4647,0.0608,0.021,0.04,0.8941,0.5312,0.01
Ian H. Williams,0000-0001-9264-0221,Chemistry,48,1051,8366,12.05,10.78,0.5509,0.383,0.8028,167,200,200,72,2006,2026,0.1673,0.2306,0.0826,0.024,0.1,0.8177,0.6023,0.12
Pierre Laszlo,0000-0003-4334-771X,Chemistry,49,507,8277,1.25,1.17,0.3081,0.1713,0.5134,39,84,84,23,2006,2026,0.1655,0.4708,0.0462,0.0245,0.046,0.8928,0.2604,0.0119
Thomas T. Tidwell,0000-0002-3216-7468,Chemistry,41,1074,8085,13.55,11.99,0.4855,0.2252,0.8759,189,200,200,22,2006,2026,0.1617,0.2001,0.0728,0.0205,0.044,0.7573,0.4583,0.015
Hiroshi Fujimoto,0000-0002-4987-0715,Chemistry,45,392,8000,8.73,4.31,0.5792,0.4734,0.738,95,134,134,77,2006,2026,0.16,0.3922,0.0869,0.0225,0.1,0.8968,0.6646,0.3507
K. Ziegler,0000-0001-8588-1078,Chemistry,52,196,7759,4.33,2.33,0.4612,0.2698,0.7483,7,9,9,6,2006,2026,0.1552,0.4417,0.0692,0.026,0.012,0.869,0.2917,0.1111
R.H. Oppermann,0000-0002-3722-3000,Chemistry,39,395,7367,3.67,2.67,0.5022,0.3333,0.7555,2,3,3,3,2006,2026,0.1473,0.4333,0.0753,0.0195,0.006,0.8578,0.3333,0.3333
Charles L. Perrin,0000-0001-5732-5330,Chemistry,41,935,7215,13.72,1.14,0.4988,0.2507,0.8709,197,200,200,28,2006,2026,0.1443,0.4715,0.0748,0.0205,0.056,0.8994,0.4738,0.035
Omar M. Yaghi,0000-0002-5611-3325,Chemistry,198,938,246813,6.51,6.22,0.5237,0.3252,0.8215,174,200,200,44,2006,2026,0.2,0.3444,0.0786,0.05,0.088,0.8965,0.511,0.17
Stefan Grimme,0000-0002-5844-4371,Chemistry,136,1549,214028,5.54,3.92,0.6219,0.4542,0.8735,196,200,200,35,2006,2026,0.2,0.4019,0.0933,0.05,0.07,0.9215,0.34,0.11
Mercouri G. Kanatzidis,0000-0003-2037-4168,Chemistry,199,2826,190692,9.13,8.36,0.4993,0.3237,0.7626,170,200,200,42,2006,2026,0.2,0.2911,0.0749,0.05,0.084,0.867,0.5057,0.04
Chad A. Mirkin,0000-0002-6634-7627,Chemistry,183,1688,163053,5.89,5.58,0.5888,0.4361,0.8178,175,200,200,39,2006,2026,0.2,0.3604,0.0883,0.05,0.078,0.9039,0.5348,0.53
Abdullah M. Asiri,0000-0001-7905-3209,Chemistry,168,2893,137340,7.21,5.36,0.4699,0.2751,0.7621,141,200,200,82,2006,2026,0.2,0.366,0.0705,0.05,0.1,0.9084,0.5918,0.095
Hong‐Cai Zhou,0000-0002-9029-3788,Chemistry,153,1046,118166,7.24,7.04,0.4851,0.2588,0.8244,184,200,200,44,2006,2026,0.2,0.3241,0.0728,0.05,0.088,0.8841,0.4348,0.09
Omar K. Farha,0000-0002-9904-9845,Chemistry,171,1207,117190,8.65,6.82,0.5171,0.3147,0.8206,179,200,200,45,2006,2026,0.2,0.3296,0.0776,0.05,0.09,0.89,0.4788,0.125
Joseph T. Hupp,0000-0003-3982-9812,Chemistry,169,1114,116190,7.25,6.3,0.5251,0.3316,0.8154,186,200,200,45,2006,2026,0.2,0.3424,0.0788,0.05,0.09,0.8966,0.5307,0.13
Frank Neese,0000-0003-4691-0547,Chemistry,142,984,109698,5.18,4.27,0.6449,0.5126,0.8434,178,200,200,39,2006,2026,0.2,0.3932,0.0967,0.05,0.078,0.9228,0.5369,0.32
Jeffrey R. Long,0000-0002-5324-1321,Chemistry,149,1144,103849,7.01,6.55,0.5435,0.3662,0.8095,177,200,200,33,2006,2026,0.2,0.3361,0.0815,0.05,0.066,0.8835,0.471,0.16
Ulrich S. Schubert,0000-0003-4978-4670,Chemistry,138,2328,101239,6.35,5.68,0.4838,0.2731,0.7998,178,200,200,74,2006,2026,0.2,0.358,0.0726,0.05,0.1,0.9057,0.4639,0.12
Banglin Chen,0000-0001-8707-8115,Chemistry,152,856,101234,8.38,7.29,0.5117,0.3076,0.8179,180,200,200,38,2006,2026,0.2,0.3179,0.0768,0.05,0.076,0.8772,0.529,0.08
Susumu Kitagawa,0000-0001-6956-9543,Chemistry,146,1270,99022,7.6,6.83,0.5072,0.2932,0.8283,177,200,200,36,2006,2026,0.2,0.3294,0.0761,0.05,0.072,0.8805,0.4071,0.14
Mohamed Eddaoudi,0000-0003-1916-9837,Chemistry,125,758,94626,8.87,7.95,0.4804,0.2609,0.8097,170,200,200,53,2006,2026,0.2,0.3013,0.0721,0.05,0.1,0.8785,0.4473,0.055
Nam‐Gyu Park,0000-0003-2368-6300,Chemistry,127,1067,83700,7.47,6.5,0.4049,0.1813,0.7404,167,200,200,63,2006,2026,0.2,0.3375,0.0607,0.05,0.1,0.8905,0.4116,0.055
Horst Hahn,0000-0001-9901-3861,Chemistry,91,1066,36027,8.38,6.96,0.5321,0.3845,0.7536,134,200,200,77,2006,2026,0.2,0.3261,0.0798,0.0455,0.1,0.892,0.6333,0.065
A. Yamamoto,0000-0002-5351-5169,Chemistry,63,790,32991,28.43,24.17,0.4722,0.2575,0.7942,142,200,200,51,2006,2026,0.2,0.0,0.0708,0.0315,0.1,0.6948,0.2703,0.01
H. Burkhardt,0000-0003-2711-1141,Chemistry,35,252,32237,14.79,4.81,0.5013,0.3201,0.7732,121,141,141,32,2006,2026,0.2,0.3798,0.0752,0.0175,0.064,0.8848,0.2042,0.0071
Shimeng Yu,0000-0002-0068-3652,Chemistry,76,630,31327,7.08,5.38,0.5008,0.3623,0.7085,189,200,200,57,2006,2026,0.2,0.3654,0.0751,0.038,0.1,0.9047,0.4332,0.025
Zhou Li,0000-0002-9952-7296,Chemistry,92,979,29958,8.95,7.62,0.5107,0.3518,0.7491,150,200,200,85,2006,2026,0.2,0.3096,0.0766,0.046,0.1,0.8828,0.5536,0.3
M. A. Lieberman,0000-0002-2841-2870,Chemistry,76,546,29189,4.74,3.09,0.4335,0.2383,0.7263,106,141,141,27,2006,2026,0.2,0.4227,0.065,0.038,0.054,0.9053,1.0,0.0071
P. Mazur,0000-0003-0025-9410,Chemistry,75,493,26921,5.86,4.17,0.5108,0.4002,0.6768,39,103,103,33,2006,2026,0.2,0.3956,0.0766,0.0375,0.066,0.9034,0.481,0.301
M. Okamura,0000-0002-5552-1706,Chemistry,26,414,26918,9.82,6.1,0.4787,0.2916,0.7594,171,200,200,49,2006,2026,0.2,0.3475,0.0718,0.013,0.098,0.8819,0.7047,0.05
M. Syphers,0000-0002-7062-7429,Chemistry,31,212,25301,12.24,9.48,0.4815,0.3052,0.7461,70,75,75,23,2006,2026,0.2,0.263,0.0722,0.0155,0.046,0.8134,0.0,0.0
M. Pabst,0000-0002-3412-6846,Chemistry,38,141,23560,10.0,7.61,0.508,0.3819,0.6972,17,23,23,16,2006,2026,0.2,0.3098,0.0762,0.019,0.032,0.8349,0.5579,0.1739
S. Farinon,0000-0002-6487-2137,Chemistry,32,236,21286,25.76,10.83,0.498,0.3249,0.7577,139,150,150,28,2006,2026,0.2,0.2292,0.0747,0.016,0.056,0.8019,0.0,0.0
Ryszard S. Romaniuk,0000-0002-5710-4041,Chemistry,31,715,21284,3.55,2.77,0.4368,0.2623,0.6985,154,200,200,26,2006,2026,0.2,0.4307,0.0655,0.0155,0.052,0.8978,1.0,0.005
Andrew Holmes,0000-0002-7406-4387,Chemistry,69,404,19407,8.04,5.62,0.5283,0.3833,0.7458,127,193,193,120,2006,2026,0.2,0.3595,0.0792,0.0345,0.1,0.9022,0.5209,0.2953
Mustafa Z Younis,0000-0001-8448-808X,Economics,84,294,183584,8.13,6.53,0.4427,0.3672,0.5561,129,180,180,65,2006,2026,0.3,0.202,0.0664,0.084,0.15,0.9157,0.5541,0.3167
Jeffrey D. Sachs,0000-0002-6451-2502,Economics,115,1146,83105,6.07,3.56,0.3636,0.2553,0.5259,109,200,200,74,2006,2026,0.3,0.2467,0.0545,0.1,0.15,0.9376,0.4561,0.11
Jeong Yeon Lee,0000-0002-2622-7831,Economics,17,71,78460,2.34,1.77,0.2797,0.1495,0.4749,53,64,64,44,2006,2026,0.3,0.2735,0.042,0.017,0.132,0.8981,0.25,0.0156
Rohollah Kalhor,0000-0002-6146-8761,Economics,47,150,71829,15.3,10.81,0.4157,0.3385,0.5315,99,108,108,51,2006,2026,0.3,0.1378,0.0624,0.047,0.15,0.8656,0.62,0.213
Donald L. Patrick,0000-0003-0756-0492,Economics,113,574,67781,9.33,6.04,0.6803,0.7067,0.6407,116,200,200,98,2006,2026,0.3,0.2095,0.102,0.1,0.15,0.9421,0.7739,0.79
John E. Ware,0000-0002-0744-2149,Economics,82,249,67735,8.1,5.82,0.6253,0.6437,0.5977,31,68,68,32,2006,2026,0.3,0.2126,0.0938,0.082,0.096,0.9075,0.7949,0.5441
István Csabai,0000-0001-9232-9898,Economics,93,1035,65698,14.45,9.23,0.5487,0.4035,0.7664,169,200,200,86,2006,2026,0.3,0.1615,0.0823,0.093,0.15,0.9086,0.6035,0.205
Sharon‐Lise T. Normand,0000-0001-7027-4769,Economics,110,632,61213,8.66,5.79,0.6967,0.746,0.6229,150,200,200,66,2006,2026,0.3,0.2132,0.1045,0.1,0.15,0.9448,0.7871,0.82
Satar Rezaei,0000-0002-6194-6057,Economics,35,238,59398,6.62,3.39,0.4548,0.3805,0.5664,175,200,200,82,2006,2026,0.3,0.2491,0.0682,0.035,0.15,0.9157,0.568,0.285
John Brazier,0000-0001-8645-4780,Economics,112,861,57702,7.88,4.23,0.6792,0.7589,0.5597,121,200,200,62,2006,2026,0.3,0.2365,0.1019,0.1,0.15,0.9538,0.7799,0.905
Daniel McFadden,0000-0003-3183-7922,Economics,72,247,53512,4.85,2.74,0.3218,0.2038,0.4989,69,94,94,49,2006,2026,0.3,0.2588,0.0483,0.072,0.147,0.9264,0.5393,0.0745
Sergio I. Prada,0000-0001-7986-0959,Economics,33,133,52186,4.16,2.28,0.4435,0.3491,0.5852,61,86,86,67,2006,2026,0.3,0.2658,0.0665,0.033,0.15,0.9216,0.5071,0.2558
Andrew Briggs,0000-0002-0777-1997,Economics,101,798,50474,16.12,7.5,0.6463,0.6704,0.6102,151,200,200,91,2006,2026,0.3,0.1874,0.0969,0.1,0.15,0.9301,0.7653,0.715
Mohsen Bayati,0000-0002-9118-5447,Economics,41,134,47882,23.07,13.92,0.4787,0.4302,0.5514,108,118,118,55,2006,2026,0.3,0.0911,0.0718,0.041,0.15,0.8438,0.689,0.339
E. John Orav,0000-0002-8886-7252,Economics,110,538,47088,7.97,4.96,0.6577,0.6832,0.6196,158,200,200,85,2006,2026,0.3,0.2256,0.0987,0.1,0.15,0.9477,0.7176,0.86
Leila Doshmangir,0000-0001-5197-8437,Economics,41,191,46292,7.5,4.35,0.3651,0.2501,0.5376,142,173,173,81,2006,2026,0.3,0.2348,0.0548,0.041,0.15,0.9057,0.5268,0.1561
Joseph P. Newhouse,0000-0001-5837-3203,Economics,94,610,45462,6.02,4.45,0.4673,0.4088,0.5551,172,200,200,68,2006,2026,0.3,0.2333,0.0701,0.094,0.15,0.9359,0.5224,0.495
Robert L Kane,0009-0005-8505-6218,Economics,106,1625,44622,6.18,4.41,0.6364,0.6443,0.6245,164,200,200,90,2006,2026,0.3,0.2338,0.0955,0.1,0.15,0.9499,0.6926,0.785
Kathleen N Lohr,0000-0002-3825-0713,Economics,92,1034,44238,8.91,7.53,0.4872,0.4173,0.592,94,200,200,44,2006,2026,0.3,0.1871,0.0731,0.092,0.132,0.9073,0.5593,0.27
David Cutler,0000-0002-4949-8917,Economics,95,755,44226,3.98,2.52,0.5,0.4698,0.5452,160,200,200,69,2006,2026,0.3,0.2622,0.075,0.095,0.15,0.9511,0.6559,0.345
Ali Kazemi Karyani,0000-0002-4448-9317,Economics,33,133,43846,10.46,4.92,0.4287,0.3373,0.5658,98,110,110,49,2006,2026,0.3,0.2262,0.0643,0.033,0.147,0.901,0.5951,0.1636
Naihua Duan,0000-0001-9411-2924,Economics,85,353,42383,9.39,5.03,0.5292,0.511,0.5564,120,172,172,77,2006,2026,0.3,0.2245,0.0794,0.085,0.15,0.9321,0.6836,0.4884
Elías Mossialos,0000-0001-8664-9297,Economics,83,609,42329,7.67,5.47,0.4323,0.3553,0.5479,146,200,200,96,2006,2026,0.3,0.218,0.0648,0.083,0.15,0.9218,0.4825,0.395
Bhageerathy Reshmi,0000-0001-9631-6218,Economics,24,81,42252,7.21,4.67,0.3834,0.2588,0.5703,59,63,63,28,2006,2026,0.3,0.23,0.0575,0.024,0.084,0.8648,0.4528,0.0952
Vahid Yazdi‐Feyzabadi,0000-0002-8009-470X,Economics,36,192,42186,5.14,2.67,0.393,0.2812,0.5607,141,166,166,76,2006,2026,0.3,0.2599,0.0589,0.036,0.15,0.9168,0.5783,0.1747
Simeon Djankov,0000-0002-0822-6456,Economics,73,361,42040,2.85,1.46,0.2751,0.1474,0.4667,124,188,188,39,2006,2026,0.3,0.2781,0.0413,0.073,0.117,0.9189,0.0,0.0
Mark Sculpher,0000-0003-3746-9913,Economics,94,645,41355,9.86,7.43,0.661,0.6891,0.6188,152,200,200,70,2006,2026,0.3,0.1885,0.0991,0.094,0.15,0.9289,0.7467,0.765
Telma Zahirian Moghadam,0000-0003-1290-4202,Economics,22,64,38764,6.46,4.78,0.4926,0.4216,0.599,42,46,46,34,2006,2026,0.3,0.2283,0.0739,0.022,0.102,0.8799,0.6674,0.2609
Nicholas Steel,0000-0003-1528-140X,Economics,38,190,38487,7.85,4.26,0.5004,0.447,0.5804,101,144,144,62,2006,2026,0.3,0.236,0.0751,0.038,0.15,0.9142,0.6692,0.3264
Mark A. Hall,0000-0001-6277-144X,Economics,48,498,37836,4.53,2.66,0.4083,0.3144,0.549,163,200,200,86,2006,2026,0.3,0.2601,0.0612,0.048,0.15,0.9234,0.4966,0.225
Richard Zeckhauser,0000-0002-4222-9546,Economics,85,610,37832,2.81,2.65,0.3224,0.2136,0.4857,115,200,200,76,2006,2026,0.3,0.2602,0.0484,0.085,0.15,0.9342,0.6015,0.035
Mark V. Pauly,0000-0003-4957-4825,Economics,98,743,37784,4.42,3.29,0.4297,0.3224,0.5907,169,200,200,60,2006,2026,0.3,0.2506,0.0645,0.098,0.15,0.9428,0.5333,0.175
Anthony J. Venables,0000-0003-0251-7479,Economics,79,430,36367,2.7,2.31,0.2613,0.112,0.4853,150,200,200,71,2006,2026,0.3,0.2653,0.0392,0.079,0.15,0.9298,0.0,0.0
Robert H. Brook,0000-0001-7648-3764,Economics,85,641,35893,6.25,4.19,0.4736,0.4048,0.5767,81,131,131,41,2006,2026,0.3,0.2371,0.071,0.085,0.123,0.922,0.6159,0.3817
K. Robin Yabroff,0000-0003-0644-5572,Economics,86,679,35771,6.92,4.36,0.5589,0.5335,0.5969,165,200,200,55,2006,2026,0.3,0.2347,0.0838,0.086,0.15,0.939,0.6237,0.66
Carl Shapiro,0000-0003-4430-3655,Economics,59,183,35001,4.22,3.66,0.2749,0.1463,0.4678,53,86,86,23,2006,2026,0.3,0.2451,0.0412,0.059,0.069,0.8741,0.0,0.0
John Haltiwanger,0000-0001-6164-6938,Economics,86,569,34144,4.01,2.25,0.3069,0.1889,0.484,134,200,200,47,2006,2026,0.3,0.2662,0.046,0.086,0.141,0.9323,0.3333,0.005
Amiram Gafni,0000-0001-8279-8172,Economics,87,993,34067,17.17,7.69,0.5815,0.5571,0.6181,134,200,200,108,2006,2026,0.3,0.1846,0.0872,0.087,0.15,0.9187,0.6679,0.645
Richard Baldwin,0000-0002-1965-4157,Economics,91,766,33878,2.56,1.27,0.2624,0.126,0.4669,146,200,200,62,2006,2026,0.3,0.2809,0.0394,0.091,0.15,0.942,0.0,0.0
Shawna Grosskopf,0000-0001-6939-2709,Economics,82,414,33768,4.01,2.35,0.3162,0.1772,0.5247,84,178,178,69,2006,2026,0.3,0.2648,0.0474,0.082,0.15,0.9345,0.6281,0.0112
Adam Wagstaff,0000-0003-4442-5070,Economics,78,396,32743,4.38,2.7,0.3267,0.2117,0.4992,166,200,200,41,2006,2026,0.3,0.2595,0.049,0.078,0.123,0.9189,0.5265,0.125
Kevin A. Schulman,0000-0002-8926-5085,Economics,85,623,32262,7.49,6.13,0.5736,0.5479,0.612,144,200,200,90,2006,2026,0.3,0.208,0.086,0.085,0.15,0.9277,0.6381,0.685
Stavros Petrou,0000-0003-3121-6050,Economics,76,629,31935,13.91,6.04,0.6472,0.6611,0.6265,157,200,200,81,2006,2026,0.3,0.2095,0.0971,0.076,0.15,0.9293,0.7241,0.8
Jayendra Sharma,0000-0001-6500-8546,Economics,17,78,31840,14.49,6.37,0.4854,0.3888,0.6302,33,43,43,25,2006,2026,0.3,0.2044,0.0728,0.017,0.075,0.8516,0.5341,0.3721
Robert C. Feenstra,0000-0003-3433-7763,Economics,80,462,31796,2.56,1.34,0.2831,0.1516,0.4803,129,200,200,46,2006,2026,0.3,0.2798,0.0425,0.08,0.138,0.9328,0.0,0.0
Alastair Gray,0000-0003-0239-7278,Economics,89,597,31712,16.57,7.37,0.6841,0.704,0.6541,174,200,200,106,2006,2026,0.3,0.1894,0.1026,0.089,0.15,0.9287,0.7878,0.785
Robert M. Kaplan,0000-0003-4837-5330,Economics,87,667,31087,6.25,3.9,0.5724,0.5577,0.5945,131,200,200,128,2006,2026,0.3,0.2414,0.0859,0.087,0.15,0.9433,0.6755,0.55
Steven H. Woolf,0000-0001-9384-033X,Economics,77,329,31005,9.49,2.75,0.5096,0.4851,0.5464,112,187,187,54,2006,2026,0.3,0.2588,0.0764,0.077,0.15,0.9424,0.6545,0.3529
Joseph S. Ross,0000-0002-9218-3320,Economics,84,1019,30909,8.26,5.17,0.6623,0.6764,0.6411,181,200,200,59,2006,2026,0.3,0.2225,0.0993,0.084,0.15,0.9396,0.7178,0.84
Andrew K. Rose,0000-0003-1100-1212,Economics,75,577,30822,2.13,1.67,0.3139,0.1833,0.5098,143,200,200,65,2006,2026,0.3,0.2749,0.0471,0.075,0.15,0.9358,0.0,0.0
Gordon Hanson,0000-0001-5798-140X,Economics,76,326,30199,2.92,2.12,0.2804,0.1573,0.4651,136,200,200,53,2006,2026,0.3,0.2682,0.0421,0.076,0.15,0.931,0.0,0.0
Jonathan Gruber,0000-0003-0379-710X,Economics,83,568,30110,3.35,1.9,0.3184,0.2094,0.4821,169,200,200,55,2006,2026,0.3,0.2716,0.0478,0.083,0.15,0.9381,0.3252,0.07
Ricardo Hausmann,0000-0001-9284-5745,Economics,66,418,29756,4.04,2.26,0.2772,0.1446,0.4762,108,200,200,57,2006,2026,0.3,0.2661,0.0416,0.066,0.15,0.9253,0.3125,0.02
Sherman Robinson,0000-0002-5478-9372,Economics,64,489,29667,4.73,3.25,0.3546,0.2343,0.535,161,200,200,66,2006,2026,0.3,0.2513,0.0532,0.064,0.15,0.923,0.45,0.025
Richard Lilford,0000-0002-0634-984X,Economics,87,728,29632,13.45,7.88,0.6194,0.6271,0.6079,176,200,200,92,2006,2026,0.3,0.1818,0.0929,0.087,0.15,0.9199,0.7026,0.725
David A. Asch,0000-0002-7970-286X,Economics,91,634,29311,7.54,4.88,0.554,0.5264,0.5954,154,200,200,79,2006,2026,0.3,0.2269,0.0831,0.091,0.15,0.9375,0.577,0.725
Peter A. Ubel,0000-0001-8218-519X,Economics,92,553,29291,6.17,4.67,0.539,0.5176,0.5709,147,200,200,97,2006,2026,0.3,0.2299,0.0808,0.092,0.15,0.9383,0.5962,0.62
W. Kip Viscusi,0000-0002-7931-7689,Economics,87,699,29063,2.21,1.72,0.3359,0.2208,0.5086,106,200,200,64,2006,2026,0.3,0.2743,0.0504,0.087,0.15,0.9422,0.666,0.06
Avinash Dixit,0000-0002-8929-7503,Economics,68,254,28815,1.93,1.37,0.2711,0.1441,0.4617,59,82,82,38,2006,2026,0.3,0.2795,0.0407,0.068,0.114,0.9156,0.27,0.0366
César A. Hidalgo,0000-0002-6977-9492,Economics,52,241,28616,6.12,3.89,0.3877,0.2806,0.5485,143,200,200,78,2006,2026,0.3,0.2416,0.0582,0.052,0.15,0.9154,0.4175,0.06
Peter J. Neumann,0000-0003-1226-4073,Economics,84,523,28553,5.79,4.04,0.539,0.5203,0.5669,145,200,200,68,2006,2026,0.3,0.2394,0.0808,0.084,0.15,0.9389,0.6067,0.68
Jong‐Wha Lee,0000-0002-3152-4961,Economics,53,387,28232,3.69,2.42,0.3486,0.2283,0.529,119,200,200,67,2006,2026,0.3,0.2638,0.0523,0.053,0.15,0.9233,0.6823,0.04
Peter Smith,0000-0003-0058-7588,Economics,87,766,27652,6.18,4.56,0.446,0.379,0.5464,158,200,200,99,2006,2026,0.3,0.2316,0.0669,0.087,0.15,0.9306,0.5782,0.3
Arnold M. Epstein,0000-0003-2374-0311,Economics,87,315,27267,4.84,3.8,0.4742,0.4289,0.542,130,166,166,41,2006,2026,0.3,0.2431,0.0711,0.087,0.123,0.9256,0.5276,0.5241
Paul Kind,0000-0003-2377-1652,Economics,56,240,27068,7.7,4.83,0.5388,0.5323,0.5486,64,138,138,53,2006,2026,0.3,0.2276,0.0808,0.056,0.15,0.9212,0.6746,0.4783
Kevin D. Frick,0000-0002-0178-5319,Economics,71,483,26899,8.54,5.0,0.6478,0.6443,0.653,142,200,200,114,2006,2026,0.3,0.225,0.0972,0.071,0.15,0.934,0.7188,0.78
Mohammad Khammarnia,0000-0002-3759-5875,Economics,24,146,26697,6.27,2.97,0.3832,0.2758,0.5442,113,130,130,55,2006,2026,0.3,0.2555,0.0575,0.024,0.15,0.9086,0.5345,0.1077
Gerard F. Anderson,0000-0003-1845-1523,Economics,72,445,25974,4.83,4.21,0.4446,0.3632,0.5667,162,200,200,77,2006,2026,0.3,0.2368,0.0667,0.072,0.15,0.9262,0.5186,0.37
Peter Groenewegen,0000-0003-2127-8442,Economics,74,1020,25924,5.61,4.25,0.4935,0.4658,0.5351,159,200,200,84,2006,2026,0.3,0.2362,0.074,0.074,0.15,0.9301,0.5687,0.615
Stephen B. Soumerai,0000-0001-6811-2496,Economics,81,305,25884,6.67,4.77,0.5759,0.5478,0.618,130,168,168,53,2006,2026,0.3,0.2285,0.0864,0.081,0.15,0.9352,0.6239,0.6786
Rachel Griffith,0000-0002-8616-5820,Economics,64,398,25785,3.19,1.66,0.3163,0.1973,0.4949,135,200,200,46,2006,2026,0.3,0.2752,0.0474,0.064,0.138,0.9258,0.5544,0.025
Paul Dolan,0000-0001-6180-2849,Economics,71,359,25529,4.08,2.56,0.3519,0.2584,0.4922,133,200,200,88,2006,2026,0.3,0.2615,0.0528,0.071,0.15,0.9306,0.4745,0.155
Ernst R. Berndt,0000-0002-6388-0768,Economics,70,422,24741,4.27,2.44,0.3451,0.2099,0.5479,126,182,182,57,2006,2026,0.3,0.2634,0.0518,0.07,0.15,0.9305,0.4346,0.1209
Stephen Morris,0000-0002-5828-3563,Economics,78,717,24329,11.8,7.25,0.6814,0.6961,0.6594,170,200,200,118,2006,2026,0.3,0.1913,0.1022,0.078,0.15,0.9244,0.7841,0.75
Péter Gaál,0000-0002-6815-9021,Economics,37,105,24345,12.78,8.37,0.3799,0.2768,0.5344,47,60,60,38,2006,2026,0.3,0.1745,0.057,0.037,0.114,0.8583,0.4371,0.25
Michael T. Halpern,0000-0001-8514-6313,Economics,57,430,24201,5.42,2.94,0.544,0.4793,0.6411,139,200,200,104,2006,2026,0.3,0.256,0.0816,0.057,0.15,0.9347,0.5965,0.525
James E. Anderson,0000-0003-0878-5271,Economics,65,710,23993,4.61,2.92,0.3865,0.2132,0.6464,132,200,200,75,2006,2026,0.3,0.2562,0.058,0.065,0.15,0.9278,0.3397,0.065
Allan S. Detsky,0000-0003-2772-3121,Economics,72,394,23780,5.15,3.82,0.4927,0.4236,0.5963,152,200,200,51,2006,2026,0.3,0.2427,0.0739,0.072,0.15,0.932,0.5764,0.465
Jonathan Skinner,0000-0002-4760-9396,Economics,79,362,23763,4.96,3.98,0.5268,0.5005,0.5663,168,200,200,79,2006,2026,0.3,0.2404,0.079,0.079,0.15,0.9364,0.6856,0.435
Sheldon Greenfield,0000-0003-4628-1998,Economics,73,345,23684,10.65,7.23,0.6315,0.6228,0.6446,95,167,167,67,2006,2026,0.3,0.1916,0.0947,0.073,0.15,0.9189,0.7617,0.479
Lisa I. Iezzoni,0000-0002-1416-5039,Economics,77,410,23638,4.21,2.83,0.498,0.4512,0.5681,118,200,200,79,2006,2026,0.3,0.2575,0.0747,0.077,0.15,0.9411,0.5362,0.62
Efat Mohamadi,0000-0003-2297-7990,Economics,18,85,23544,9.11,4.71,0.357,0.237,0.537,63,76,76,42,2006,2026,0.3,0.2293,0.0536,0.018,0.126,0.8802,0.5516,0.1447
Dennis Ross‐Degnan,0000-0002-0066-1242,Economics,75,391,23506,6.93,5.17,0.5818,0.5506,0.6286,156,200,200,78,2006,2026,0.3,0.2225,0.0873,0.075,0.15,0.9303,0.632,0.725
David Evans,0000-0003-1674-8489,Economics,62,386,23494,6.89,3.15,0.33,0.2026,0.5212,112,159,159,83,2006,2026,0.3,0.2527,0.0495,0.062,0.15,0.9211,0.523,0.0566
Elliott S. Fisher,0000-0002-9571-4879,Economics,79,261,23459,6.44,4.51,0.467,0.4181,0.5403,141,181,181,53,2006,2026,0.3,0.2323,0.07,0.079,0.15,0.9288,0.5608,0.4475
Chien‐Wen Tseng,0000-0001-7162-2550,Economics,66,147,23395,13.05,11.16,0.5917,0.5421,0.666,119,134,134,32,2006,2026,0.3,0.1326,0.0887,0.066,0.096,0.8588,0.6161,0.6642
Thomas W. Hertel,0000-0002-7179-7630,Economics,75,830,23320,4.77,2.73,0.3608,0.2045,0.5952,153,200,200,74,2006,2026,0.3,0.259,0.0541,0.075,0.15,0.9318,0.3932,0.02
Anne Mills,0000-0001-9863-9950,Economics,81,586,23123,7.88,6.34,0.4403,0.3553,0.5679,116,200,200,62,2006,2026,0.3,0.2049,0.0661,0.081,0.15,0.9155,0.4648,0.315
Elizabeth A. McGlynn,0000-0002-4944-2518,Economics,64,311,22871,6.93,5.01,0.4604,0.3922,0.5626,108,157,157,52,2006,2026,0.3,0.2249,0.0691,0.064,0.15,0.9182,0.5792,0.3312
Pierre Bourdıeu,0000-0001-6386-4269,Economics,171,1041,262421,2.06,1.21,0.2451,0.15,0.3876,100,200,200,93,2006,2026,0.3,0.2819,0.0368,0.1,0.15,0.9452,0.0,0.0
Henri Lefebvre,0009-0004-2914-9850,Economics,33,235,21767,2.25,1.31,0.3219,0.254,0.4237,34,81,81,39,2006,2026,0.3,0.2804,0.0483,0.033,0.117,0.9048,0.0,0.0
Achille Mbembé,0000-0003-0006-3194,Economics,45,234,21380,2.47,1.66,0.2463,0.1464,0.3963,81,177,177,80,2006,2026,0.3,0.2751,0.037,0.045,0.15,0.9178,0.0,0.0
Anna Tsing,0000-0002-0411-959X,Economics,47,187,21332,1.82,1.46,0.2802,0.1579,0.4635,66,130,130,59,2006,2026,0.3,0.2781,0.042,0.047,0.15,0.9224,0.0,0.0
Laurent Thévenot,0000-0002-4317-0419,Economics,45,220,15260,4.6,3.65,0.235,0.1178,0.4109,78,124,124,46,2006,2026,0.3,0.2453,0.0353,0.045,0.138,0.8977,0.0,0.0
Isabelle Stengers,0000-0001-7723-6140,Economics,46,442,14830,2.42,1.74,0.23,0.1167,0.4,86,175,175,59,2006,2026,0.3,0.2739,0.0345,0.046,0.15,0.9166,0.0,0.0
Michel Lagarde,0000-0003-0175-9062,Economics,64,1093,14217,4.63,3.67,0.4702,0.3984,0.5781,74,200,200,61,2006,2026,0.3,0.2449,0.0705,0.064,0.15,0.9279,0.5938,0.19
Claude S. Fischer,0000-0002-4665-5630,Economics,50,220,13971,3.38,1.8,0.2982,0.1885,0.4626,42,95,95,42,2006,2026,0.3,0.273,0.0447,0.05,0.126,0.9117,0.6666,0.0211
Jean Lambert,0000-0001-9159-6126,Economics,51,338,13711,7.45,5.27,0.6139,0.6622,0.5415,83,139,139,65,2006,2026,0.3,0.221,0.0921,0.051,0.15,0.921,0.8133,0.4029
Emmanuel Lazega,0000-0001-8844-6426,Economics,33,361,12829,2.94,2.05,0.2839,0.1713,0.4527,136,200,200,63,2006,2026,0.3,0.2692,0.0426,0.033,0.15,0.9122,0.0,0.0
Rosi Braidotti,0000-0002-5922-2324,Economics,44,344,12822,2.04,1.22,0.2227,0.1142,0.3855,99,200,200,76,2006,2026,0.3,0.2818,0.0334,0.044,0.15,0.9188,0.0,0.0
Yves Gingras,0000-0002-4729-1269,Economics,52,481,12506,2.48,1.94,0.2968,0.1808,0.4709,122,200,200,99,2006,2026,0.3,0.271,0.0445,0.052,0.15,0.9226,0.6459,0.01
Sébastiên Roux,0000-0002-3676-0517,Economics,41,309,12485,4.89,3.25,0.4495,0.4063,0.5141,143,200,200,91,2006,2026,0.3,0.2513,0.0674,0.041,0.15,0.919,0.7922,0.115
François Morin,0000-0002-1582-2934,Economics,37,232,11436,8.98,4.04,0.4695,0.3818,0.6012,51,85,85,54,2006,2026,0.3,0.2395,0.0704,0.037,0.15,0.9132,0.5856,0.2471
Robert Boyer,0000-0003-0425-7439,Economics,41,538,11345,2.87,2.06,0.2395,0.1049,0.4414,114,200,200,70,2006,2026,0.3,0.2692,0.0359,0.041,0.15,0.9128,0.2917,0.005
Eduardo Viveiros de Castro,0000-0003-4902-0574,Economics,33,129,10236,1.65,1.25,0.236,0.1222,0.4067,50,101,101,49,2006,2026,0.3,0.2813,0.0354,0.033,0.147,0.9131,0.0,0.0
Catherine Dominguès,0000-0002-0362-6805,Economics,7,71,9388,4.25,2.4,0.2511,0.1095,0.4634,46,63,63,20,2006,2026,0.2816,0.264,0.0377,0.007,0.06,0.8419,0.0,0.0
Isabelle Thomas,0000-0003-3386-2427,Economics,55,650,9002,7.05,4.41,0.4712,0.4045,0.5713,128,200,200,105,2006,2026,0.2701,0.2338,0.0707,0.055,0.15,0.9052,0.6862,0.22
Frank Moulaert,0000-0001-8924-6928,Economics,41,359,8928,3.08,1.87,0.2531,0.1114,0.4657,92,187,187,43,2006,2026,0.2678,0.272,0.038,0.041,0.129,0.8903,0.0,0.0
Antonio Negri,0000-0002-8662-4302,Economics,33,381,8895,3.42,2.05,0.3003,0.2157,0.4272,122,200,200,85,2006,2026,0.2668,0.2692,0.045,0.033,0.15,0.898,0.6333,0.025
Philippe Van Parijs,0000-0003-3348-1317,Economics,40,552,8720,1.48,1.28,0.2429,0.1365,0.4026,116,200,200,69,2006,2026,0.2616,0.2808,0.0364,0.04,0.15,0.9002,0.0,0.0
Ève Chiapello,0000-0002-3323-9961,Economics,32,200,8467,1.94,1.22,0.2474,0.1269,0.4282,86,125,125,46,2006,2026,0.254,0.2818,0.0371,0.032,0.138,0.8879,0.0,0.0
Alain Touraine,0000-0001-7330-2163,Economics,42,554,8422,2.51,1.5,0.2311,0.1183,0.4001,60,147,147,56,2006,2026,0.2527,0.2774,0.0347,0.042,0.15,0.8945,0.2917,0.0068
Madeleine Akrich,0000-0002-2259-1601,Economics,33,245,8147,3.72,1.49,0.2848,0.1514,0.4849,117,155,155,45,2006,2026,0.2444,0.2776,0.0427,0.033,0.135,0.8831,0.3591,0.0387
François Bousquet,0000-0002-4552-3724,Economics,44,478,8120,5.48,2.83,0.3322,0.1969,0.5353,120,200,200,73,2006,2026,0.2436,0.2576,0.0498,0.044,0.15,0.8889,0.3976,0.03
Benoît Rihoux,0000-0001-9836-5056,Economics,31,356,7618,4.06,2.63,0.2535,0.1244,0.4471,76,198,198,54,2006,2026,0.2285,0.2605,0.038,0.031,0.15,0.871,0.5834,0.0152
Richard Nadeau,0000-0003-4426-3331,Economics,44,279,7505,4.08,2.27,0.2581,0.1449,0.428,104,195,195,55,2006,2026,0.2251,0.266,0.0387,0.044,0.15,0.8787,0.625,0.0051
Peter Dahlgren,0000-0002-3509-3329,Economics,38,234,7488,2.27,1.55,0.2621,0.1606,0.4143,85,143,143,61,2006,2026,0.2246,0.2767,0.0393,0.038,0.15,0.8811,0.0,0.0
Russell S. Kirby,0000-0002-3489-401X,Economics,81,713,27480,8.51,5.55,0.7605,0.8113,0.6842,132,200,200,86,2006,2026,0.3,0.2167,0.1141,0.081,0.15,0.9422,0.8426,0.895
B. Thilaganathan,0000-0002-5531-4301,Economics,84,934,27376,9.05,6.25,0.772,0.818,0.7031,166,200,200,43,2006,2026,0.3,0.2063,0.1158,0.084,0.129,0.9305,0.8422,0.9
A. Dessa Sadovnick,0000-0003-2987-2008,Economics,80,421,27366,10.04,6.72,0.6416,0.5763,0.7396,129,200,200,78,2006,2026,0.3,0.1991,0.0962,0.08,0.15,0.9261,0.6624,0.665
Tze Kin Lau,0000-0002-0242-1410,Economics,75,512,27350,7.82,5.82,0.7285,0.7347,0.7192,168,200,200,61,2006,2026,0.3,0.2127,0.1093,0.075,0.15,0.9357,0.7926,0.83
Diana W. Bianchi,0000-0001-9270-5267,Economics,78,484,27004,7.29,4.75,0.6608,0.6136,0.7315,135,200,200,81,2006,2026,0.3,0.2287,0.0991,0.078,0.15,0.9396,0.6424,0.785
Zi‐Jiang Chen,0000-0001-6637-6631,Economics,73,938,26693,10.97,9.72,0.6816,0.6195,0.7749,129,200,200,99,2006,2026,0.3,0.1541,0.1022,0.073,0.15,0.9051,0.727,0.63
S. Munné,0000-0002-1088-5565,Economics,95,545,26663,8.86,5.86,0.6762,0.6298,0.7459,49,200,200,35,2006,2026,0.3,0.2122,0.1014,0.095,0.105,0.9208,0.8717,0.43
Michael R. DeBaun,0000-0002-0574-1604,Economics,81,600,26249,9.88,7.97,0.6811,0.6722,0.6943,171,200,200,76,2006,2026,0.3,0.1804,0.1022,0.081,0.15,0.9208,0.7195,0.81
